Great Lakes Food Market,2732 Baker Blvd.,Eugene,OR,97403,USA,GREAL,Great Lakes Food Market,2732 Baker Blvd.,Eugene,OR,97403,USA,Michael Suyama,10528,06/06/1995 00:00,06/20/1995 00:00,06/09/1995 00:00,United Package,11,Queso Cabrales,21,3,0,63,3.35
Great Lakes Food Market,2732 Baker Blvd.,Eugene,OR,97403,USA,GREAL,Great Lakes Food Market,2732 Baker Blvd.,Eugene,OR,97403,USA,Michael Suyama,10528,06/06/1995 00:00,06/20/1995 00:00,06/09/1995 00:00,United Package,33,Geitost,2.5,8,0.2,16,3.35
Great Lakes Food Market,2732 Baker Blvd.,Eugene,OR,97403,USA,GREAL,Great Lakes Food Market,2732 Baker Blvd.,Eugene,OR,97403,USA,Michael Suyama,10528,06/06/1995 00:00,06/20/1995 00:00,06/09/1995 00:00,United Package,72,Mozzarella di Giovanni,34.8,9,0,313.2,3.35
Great Lakes Food Market,2732 Baker Blvd.,Eugene,OR,97403,USA,GREAL,Great Lakes Food Market,2732 Baker Blvd.,Eugene,OR,97403,USA,Laura Callahan,10589,08/04/1995 00:00,09/01/1995 00:00,08/14/1995 00:00,United Package,35,Steeleye Stout,18,4,0,72,4.42
Great Lakes Food Market,2732 Baker Blvd.,Eugene,OR,97403,USA,GREAL,Great Lakes Food Market,2732 Baker Blvd.,Eugene,OR,97403,USA,Nancy Davolio,10616,08/31/1995 00:00,09/28/1995 00:00,09/05/1995 00:00,United Package,38,Côte de Blaye,263.5,15,0.05,3754.87,116.53
Great Lakes Food Market,2732 Baker Blvd.,Eugene,OR,97403,USA,GREAL,Great Lakes Food Market,2732 Baker Blvd.,Eugene,OR,97403,USA,Nancy Davolio,10616,08/31/1995 00:00,09/28/1995 00:00,09/05/1995 00:00,United Package,56,Gnocchi di nonna Alice,38,14,0,532,116.53
Great Lakes Food Market,2732 Baker Blvd.,Eugene,OR,97403,USA,GREAL,Great Lakes Food Market,2732 Baker Blvd.,Eugene,OR,97403,USA,Nancy Davolio,10616,08/31/1995 00:00,09/28/1995 00:00,09/05/1995 00:00,United Package,70,Outback Lager,15,15,0.05,213.75,116.53
Great Lakes Food Market,2732 Baker Blvd.,Eugene,OR,97403,USA,GREAL,Great Lakes Food Market,2732 Baker Blvd.,Eugene,OR,97403,USA,Nancy Davolio,10616,08/31/1995 00:00,09/28/1995 00:00,09/05/1995 00:00,United Package,71,Fløtemysost,21.5,15,0.05,306.37,116.53
Great Lakes Food Market,2732 Baker Blvd.,Eugene,OR,97403,USA,GREAL,Great Lakes Food Market,2732 Baker Blvd.,Eugene,OR,97403,USA,Margaret Peacock,10617,08/31/1995 00:00,09/28/1995 00:00,09/04/1995 00:00,United Package,59,Raclette Courdavault,55,30,0.15,1402.5,18.53
Great Lakes Food Market,2732 Baker Blvd.,Eugene,OR,97403,USA,GREAL,Great Lakes Food Market,2732 Baker Blvd.,Eugene,OR,97403,USA,Michael Suyama,10656,10/05/1995 00:00,11/02/1995 00:00,10/11/1995 00:00,Speedy Express,14,Tofu,23.25,3,0.1,62.77,57.15
Great Lakes Food Market,2732 Baker Blvd.,Eugene,OR,97403,USA,GREAL,Great Lakes Food Market,2732 Baker Blvd.,Eugene,OR,97403,USA,Michael Suyama,10656,10/05/1995 00:00,11/02/1995 00:00,10/11/1995 00:00,Speedy Express,44,Gula Malacca,19.45,28,0.1,490.14,57.15
Great Lakes Food Market,2732 Baker Blvd.,Eugene,OR,97403,USA,GREAL,Great Lakes Food Market,2732 Baker Blvd.,Eugene,OR,97403,USA,Michael Suyama,10656,10/05/1995 00:00,11/02/1995 00:00,10/11/1995 00:00,Speedy Express,47,Zaanse koeken,9.5,6,0.1,51.3,57.15
Great Lakes Food Market,2732 Baker Blvd.,Eugene,OR,97403,USA,GREAL,Great Lakes Food Market,2732 Baker Blvd.,Eugene,OR,97403,USA,Janet Leverling,10681,10/26/1995 00:00,11/23/1995 00:00,10/31/1995 00:00,Federal Shipping,19,Teatime Chocolate Biscuits,9.2,30,0.1,248.4,76.13
Great Lakes Food Market,2732 Baker Blvd.,Eugene,OR,97403,USA,GREAL,Great Lakes Food Market,2732 Baker Blvd.,Eugene,OR,97403,USA,Janet Leverling,10681,10/26/1995 00:00,11/23/1995 00:00,10/31/1995 00:00,Federal Shipping,21,Sir Rodney's Scones,10,12,0.1,108,76.13
Great Lakes Food Market,2732 Baker Blvd.,Eugene,OR,97403,USA,GREAL,Great Lakes Food Market,2732 Baker Blvd.,Eugene,OR,97403,USA,Janet Leverling,10681,10/26/1995 00:00,11/23/1995 00:00,10/31/1995 00:00,Federal Shipping,64,Wimmers gute Semmelknödel,33.25,28,0,931,76.13
Great Lakes Food Market,2732 Baker Blvd.,Eugene,OR,97403,USA,GREAL,Great Lakes Food Market,2732 Baker Blvd.,Eugene,OR,97403,USA,Margaret Peacock,10816,02/06/1996 00:00,03/05/1996 00:00,03/06/1996 00:00,United Package,38,Côte de Blaye,263.5,30,0.05,7509.75,719.78
Great Lakes Food Market,2732 Baker Blvd.,Eugene,OR,97403,USA,GREAL,Great Lakes Food Market,2732 Baker Blvd.,Eugene,OR,97403,USA,Margaret Peacock,10816,02/06/1996 00:00,03/05/1996 00:00,03/06/1996 00:00,United Package,62,Tarte au sucre,49.3,20,0.05,936.7,719.78
Great Lakes Food Market,2732 Baker Blvd.,Eugene,OR,97403,USA,GREAL,Great Lakes Food Market,2732 Baker Blvd.,Eugene,OR,97403,USA,Janet Leverling,10936,04/08/1996 00:00,05/06/1996 00:00,04/17/1996 00:00,United Package,36,Inlagd Sill,19,30,0.2,456,33.68
Great Lakes Food Market,2732 Baker Blvd.,Eugene,OR,97403,USA,GREAL,Great Lakes Food Market,2732 Baker Blvd.,Eugene,OR,97403,USA,Janet Leverling,11006,05/07/1996 00:00,06/04/1996 00:00,05/15/1996 00:00,United Package,1,Chai,18,8,0,144,25.19
Great Lakes Food Market,2732 Baker Blvd.,Eugene,OR,97403,USA,GREAL,Great Lakes Food Market,2732 Baker Blvd.,Eugene,OR,97403,USA,Janet Leverling,11006,05/07/1996 00:00,06/04/1996 00:00,05/15/1996 00:00,United Package,29,Thüringer Rostbratwurst,123.79,2,0.25,185.69,25.19
Great Lakes Food Market,2732 Baker Blvd.,Eugene,OR,97403,USA,GREAL,Great Lakes Food Market,2732 Baker Blvd.,Eugene,OR,97403,USA,Margaret Peacock,11040,05/22/1996 00:00,06/19/1996 00:00,,Federal Shipping,21,Sir Rodney's Scones,10,20,0,200,18.84
Great Lakes Food Market,2732 Baker Blvd.,Eugene,OR,97403,USA,GREAL,Great Lakes Food Market,2732 Baker Blvd.,Eugene,OR,97403,USA,Margaret Peacock,11061,05/30/1996 00:00,07/11/1996 00:00,,Federal Shipping,60,Camembert Pierrot,34,15,0,510,14.01
Hungry Coyote Import Store,"City Center Plaza 516 Main St.",Elgin,OR,97827,USA,HUNGC,Hungry Coyote Import Store,"City Center Plaza 516 Main St.",Elgin,OR,97827,USA,Janet Leverling,10375,01/06/1995 00:00,02/03/1995 00:00,01/09/1995 00:00,United Package,14,Tofu,18.6,15,0,279,20.12
Hungry Coyote Import Store,"City Center Plaza 516 Main St.",Elgin,OR,97827,USA,HUNGC,Hungry Coyote Import Store,"City Center Plaza 516 Main St.",Elgin,OR,97827,USA,Janet Leverling,10375,01/06/1995 00:00,02/03/1995 00:00,01/09/1995 00:00,United Package,54,Tourtière,5.9,10,0,59,20.12
Hungry Coyote Import Store,"City Center Plaza 516 Main St.",Elgin,OR,97827,USA,HUNGC,Hungry Coyote Import Store,"City Center Plaza 516 Main St.",Elgin,OR,97827,USA,Nancy Davolio,10394,01/25/1995 00:00,02/22/1995 00:00,02/03/1995 00:00,Federal Shipping,13,Konbu,4.8,10,0,48,30.34
Hungry Coyote Import Store,"City Center Plaza 516 Main St.",Elgin,OR,97827,USA,HUNGC,Hungry Coyote Import Store,"City Center Plaza 516 Main St.",Elgin,OR,97827,USA,Nancy Davolio,10394,01/25/1995 00:00,02/22/1995 00:00,02/03/1995 00:00,Federal Shipping,62,Tarte au sucre,39.4,10,0,394,30.34
Hungry Coyote Import Store,"City Center Plaza 516 Main St.",Elgin,OR,97827,USA,HUNGC,Hungry Coyote Import Store,"City Center Plaza 516 Main St.",Elgin,OR,97827,USA,Janet Leverling,10415,02/15/1995 00:00,03/15/1995 00:00,02/24/1995 00:00,Speedy Express,17,Alice Mutton,31.2,2,0,62.4,0.2
Hungry Coyote Import Store,"City Center Plaza 516 Main St.",Elgin,OR,97827,USA,HUNGC,Hungry Coyote Import Store,"City Center Plaza 516 Main St.",Elgin,OR,97827,USA,Janet Leverling,10415,02/15/1995 00:00,03/15/1995 00:00,02/24/1995 00:00,Speedy Express,33,Geitost,2,20,0,40,0.2
Hungry Coyote Import Store,"City Center Plaza 516 Main St.",Elgin,OR,97827,USA,HUNGC,Hungry Coyote Import Store,"City Center Plaza 516 Main St.",Elgin,OR,97827,USA,Margaret Peacock,10600,08/16/1995 00:00,09/13/1995 00:00,08/21/1995 00:00,Speedy Express,54,Tourtière,7.45,4,0,29.8,45.13
Hungry Coyote Import Store,"City Center Plaza 516 Main St.",Elgin,OR,97827,USA,HUNGC,Hungry Coyote Import Store,"City Center Plaza 516 Main St.",Elgin,OR,97827,USA,Margaret Peacock,10600,08/16/1995 00:00,09/13/1995 00:00,08/21/1995 00:00,Speedy Express,73,Röd Kaviar,15,30,0,450,45.13
Hungry Coyote Import Store,"City Center Plaza 516 Main St.",Elgin,OR,97827,USA,HUNGC,Hungry Coyote Import Store,"City Center Plaza 516 Main St.",Elgin,OR,97827,USA,Laura Callahan,10660,10/09/1995 00:00,11/06/1995 00:00,11/15/1995 00:00,Speedy Express,20,Sir Rodney's Marmalade,81,21,0,1701,111.29
Lazy K Kountry Store,12 Orchestra Terrace,Walla Walla,WA,99362,USA,LAZYK,Lazy K Kountry Store,12 Orchestra Terrace,Walla Walla,WA,99362,USA,Nancy Davolio,10482,04/21/1995 00:00,05/19/1995 00:00,05/11/1995 00:00,Federal Shipping,40,Boston Crab Meat,14.7,10,0,147,7.48
Lazy K Kountry Store,12 Orchestra Terrace,Walla Walla,WA,99362,USA,LAZYK,Lazy K Kountry Store,12 Orchestra Terrace,Walla Walla,WA,99362,USA,Laura Callahan,10545,06/22/1995 00:00,07/20/1995 00:00,07/27/1995 00:00,United Package,11,Queso Cabrales,21,10,0,210,11.92
Let's Stop N Shop,"87 Polk St. Suite 5",San Francisco,CA,94117,USA,LETSS,Let's Stop N Shop,"87 Polk St. Suite 5",San Francisco,CA,94117,USA,Nancy Davolio,10579,07/26/1995 00:00,08/23/1995 00:00,08/04/1995 00:00,United Package,15,Genen Shouyu,15.5,10,0,155,13.73
Let's Stop N Shop,"87 Polk St. Suite 5",San Francisco,CA,94117,USA,LETSS,Let's Stop N Shop,"87 Polk St. Suite 5",San Francisco,CA,94117,USA,Nancy Davolio,10579,07/26/1995 00:00,08/23/1995 00:00,08/04/1995 00:00,United Package,75,Rhönbräu Klosterbier,7.75,21,0,162.75,13.73
Let's Stop N Shop,"87 Polk St. Suite 5",San Francisco,CA,94117,USA,LETSS,Let's Stop N Shop,"87 Polk St. Suite 5",San Francisco,CA,94117,USA,Laura Callahan,10719,11/27/1995 00:00,12/25/1995 00:00,12/06/1995 00:00,United Package,18,Carnarvon Tigers,62.5,12,0.25,562.5,51.44
Let's Stop N Shop,"87 Polk St. Suite 5",San Francisco,CA,94117,USA,LETSS,Let's Stop N Shop,"87 Polk St. Suite 5",San Francisco,CA,94117,USA,Laura Callahan,10719,11/27/1995 00:00,12/25/1995 00:00,12/06/1995 00:00,United Package,30,Nord-Ost Matjeshering,25.89,3,0.25,58.25,51.44
Let's Stop N Shop,"87 Polk St. Suite 5",San Francisco,CA,94117,USA,LETSS,Let's Stop N Shop,"87 Polk St. Suite 5",San Francisco,CA,94117,USA,Laura Callahan,10719,11/27/1995 00:00,12/25/1995 00:00,12/06/1995 00:00,United Package,54,Tourtière,7.45,40,0.25,223.5,51.44
Let's Stop N Shop,"87 Polk St. Suite 5",San Francisco,CA,94117,USA,LETSS,Let's Stop N Shop,"87 Polk St. Suite 5",San Francisco,CA,94117,USA,Michael Suyama,10735,12/11/1995 00:00,01/08/1996 00:00,12/22/1995 00:00,United Package,61,Sirop d'érable,28.5,20,0.1,513,45.97
Let's Stop N Shop,"87 Polk St. Suite 5",San Francisco,CA,94117,USA,LETSS,Let's Stop N Shop,"87 Polk St. Suite 5",San Francisco,CA,94117,USA,Michael Suyama,10735,12/11/1995 00:00,01/08/1996 00:00,12/22/1995 00:00,United Package,77,Original Frankfurter grüne Soße,13,2,0.1,23.4,45.97
Let's Stop N Shop,"87 Polk St. Suite 5",San Francisco,CA,94117,USA,LETSS,Let's Stop N Shop,"87 Polk St. Suite 5",San Francisco,CA,94117,USA,Margaret Peacock,10884,03/14/1996 00:00,04/11/1996 00:00,03/15/1996 00:00,United Package,21,Sir Rodney's Scones,10,40,0.05,380,90.97
Let's Stop N Shop,"87 Polk St. Suite 5",San Francisco,CA,94117,USA,LETSS,Let's Stop N Shop,"87 Polk St. Suite 5",San Francisco,CA,94117,USA,Margaret Peacock,10884,03/14/1996 00:00,04/11/1996 00:00,03/15/1996 00:00,United Package,56,Gnocchi di nonna Alice,38,21,0.05,758.1,90.97
Let's Stop N Shop,"87 Polk St. Suite 5",San Francisco,CA,94117,USA,LETSS,Let's Stop N Shop,"87 Polk St. Suite 5",San Francisco,CA,94117,USA,Margaret Peacock,10884,03/14/1996 00:00,04/11/1996 00:00,03/15/1996 00:00,United Package,65,Louisiana Fiery Hot Pepper Sauce,21.05,12,0.05,239.97,90.97
Lonesome Pine Restaurant,89 Chiaroscuro Rd.,Portland,OR,97219,USA,LONEP,Lonesome Pine Restaurant,89 Chiaroscuro Rd.,Portland,OR,97219,USA,Andrew Fuller,10307,10/18/1994 00:00,11/15/1994 00:00,10/26/1994 00:00,United Package,62,Tarte au sucre,39.4,10,0,394,0.56
Lonesome Pine Restaurant,89 Chiaroscuro Rd.,Portland,OR,97219,USA,LONEP,Lonesome Pine Restaurant,89 Chiaroscuro Rd.,Portland,OR,97219,USA,Andrew Fuller,10307,10/18/1994 00:00,11/15/1994 00:00,10/26/1994 00:00,United Package,68,Scottish Longbreads,10,3,0,30,0.56
Lonesome Pine Restaurant,89 Chiaroscuro Rd.,Portland,OR,97219,USA,LONEP,Lonesome Pine Restaurant,89 Chiaroscuro Rd.,Portland,OR,97219,USA,Michael Suyama,10317,10/31/1994 00:00,11/28/1994 00:00,11/10/1994 00:00,Speedy Express,1,Chai,14.4,20,0,288,12.69
Lonesome Pine Restaurant,89 Chiaroscuro Rd.,Portland,OR,97219,USA,LONEP,Lonesome Pine Restaurant,89 Chiaroscuro Rd.,Portland,OR,97219,USA,Margaret Peacock,10544,06/21/1995 00:00,07/19/1995 00:00,06/30/1995 00:00,Speedy Express,28,Rössle Sauerkraut,45.6,7,0,319.2,24.91
Lonesome Pine Restaurant,89 Chiaroscuro Rd.,Portland,OR,97219,USA,LONEP,Lonesome Pine Restaurant,89 Chiaroscuro Rd.,Portland,OR,97219,USA,Margaret Peacock,10544,06/21/1995 00:00,07/19/1995 00:00,06/30/1995 00:00,Speedy Express,67,Laughing Lumberjack Lager,14,7,0,98,24.91
Lonesome Pine Restaurant,89 Chiaroscuro Rd.,Portland,OR,97219,USA,LONEP,Lonesome Pine Restaurant,89 Chiaroscuro Rd.,Portland,OR,97219,USA,Janet Leverling,10662,10/10/1995 00:00,11/07/1995 00:00,10/19/1995 00:00,United Package,68,Scottish Longbreads,12.5,10,0,125,1.28
Lonesome Pine Restaurant,89 Chiaroscuro Rd.,Portland,OR,97219,USA,LONEP,Lonesome Pine Restaurant,89 Chiaroscuro Rd.,Portland,OR,97219,USA,Nancy Davolio,10665,10/12/1995 00:00,11/09/1995 00:00,10/18/1995 00:00,United Package,51,Manjimup Dried Apples,53,20,0,1060,26.31
Lonesome Pine Restaurant,89 Chiaroscuro Rd.,Portland,OR,97219,USA,LONEP,Lonesome Pine Restaurant,89 Chiaroscuro Rd.,Portland,OR,97219,USA,Nancy Davolio,10665,10/12/1995 00:00,11/09/1995 00:00,10/18/1995 00:00,United Package,59,Raclette Courdavault,55,1,0,55,26.31
Lonesome Pine Restaurant,89 Chiaroscuro Rd.,Portland,OR,97219,USA,LONEP,Lonesome Pine Restaurant,89 Chiaroscuro Rd.,Portland,OR,97219,USA,Nancy Davolio,10665,10/12/1995 00:00,11/09/1995 00:00,10/18/1995 00:00,United Package,76,Lakkalikööri,18,10,0,180,26.31
Lonesome Pine Restaurant,89 Chiaroscuro Rd.,Portland,OR,97219,USA,LONEP,Lonesome Pine Restaurant,89 Chiaroscuro Rd.,Portland,OR,97219,USA,Michael Suyama,10867,03/05/1996 00:00,04/16/1996 00:00,03/13/1996 00:00,Speedy Express,53,Perth Pasties,32.8,3,0,98.4,1.93
Lonesome Pine Restaurant,89 Chiaroscuro Rd.,Portland,OR,97219,USA,LONEP,Lonesome Pine Restaurant,89 Chiaroscuro Rd.,Portland,OR,97219,USA,Laura Callahan,10883,03/14/1996 00:00,04/11/1996 00:00,03/22/1996 00:00,Federal Shipping,24,Guaraná Fantástica,4.5,8,0,36,0.53
Lonesome Pine Restaurant,89 Chiaroscuro Rd.,Portland,OR,97219,USA,LONEP,Lonesome Pine Restaurant,89 Chiaroscuro Rd.,Portland,OR,97219,USA,Margaret Peacock,11018,05/13/1996 00:00,06/10/1996 00:00,05/16/1996 00:00,United Package,12,Queso Manchego La Pastora,38,20,0,760,11.65
Lonesome Pine Restaurant,89 Chiaroscuro Rd.,Portland,OR,97219,USA,LONEP,Lonesome Pine Restaurant,89 Chiaroscuro Rd.,Portland,OR,97219,USA,Margaret Peacock,11018,05/13/1996 00:00,06/10/1996 00:00,05/16/1996 00:00,United Package,18,Carnarvon Tigers,62.5,10,0,625,11.65
Lonesome Pine Restaurant,89 Chiaroscuro Rd.,Portland,OR,97219,USA,LONEP,Lonesome Pine Restaurant,89 Chiaroscuro Rd.,Portland,OR,97219,USA,Margaret Peacock,11018,05/13/1996 00:00,06/10/1996 00:00,05/16/1996 00:00,United Package,56,Gnocchi di nonna Alice,38,5,0,190,11.65
Old World Delicatessen,2743 Bering St.,Anchorage,AK,99508,USA,OLDWO,Old World Delicatessen,2743 Bering St.,Anchorage,AK,99508,USA,Margaret Peacock,10338,11/25/1994 00:00,12/23/1994 00:00,11/29/1994 00:00,Federal Shipping,17,Alice Mutton,31.2,20,0,624,84.21
Old World Delicatessen,2743 Bering St.,Anchorage,AK,99508,USA,OLDWO,Old World Delicatessen,2743 Bering St.,Anchorage,AK,99508,USA,Margaret Peacock,10338,11/25/1994 00:00,12/23/1994 00:00,11/29/1994 00:00,Federal Shipping,30,Nord-Ost Matjeshering,20.7,15,0,310.5,84.21
Old World Delicatessen,2743 Bering St.,Anchorage,AK,99508,USA,OLDWO,Old World Delicatessen,2743 Bering St.,Anchorage,AK,99508,USA,Laura Callahan,10305,10/14/1994 00:00,11/11/1994 00:00,11/09/1994 00:00,Federal Shipping,18,Carnarvon Tigers,50,25,0.1,1125,257.62
Old World Delicatessen,2743 Bering St.,Anchorage,AK,99508,USA,OLDWO,Old World Delicatessen,2743 Bering St.,Anchorage,AK,99508,USA,Laura Callahan,10305,10/14/1994 00:00,11/11/1994 00:00,11/09/1994 00:00,Federal Shipping,29,Thüringer Rostbratwurst,99,25,0.1,2227.5,257.62
Old World Delicatessen,2743 Bering St.,Anchorage,AK,99508,USA,OLDWO,Old World Delicatessen,2743 Bering St.,Anchorage,AK,99508,USA,Laura Callahan,10305,10/14/1994 00:00,11/11/1994 00:00,11/09/1994 00:00,Federal Shipping,39,Chartreuse verte,14.4,30,0.1,388.8,257.62
Old World Delicatessen,2743 Bering St.,Anchorage,AK,99508,USA,OLDWO,Old World Delicatessen,2743 Bering St.,Anchorage,AK,99508,USA,Janet Leverling,10441,03/13/1995 00:00,04/24/1995 00:00,04/14/1995 00:00,United Package,27,Schoggi Schokolade,35.1,50,0,1755,73.02
Old World Delicatessen,2743 Bering St.,Anchorage,AK,99508,USA,OLDWO,Old World Delicatessen,2743 Bering St.,Anchorage,AK,99508,USA,Janet Leverling,10594,08/09/1995 00:00,09/06/1995 00:00,08/16/1995 00:00,United Package,52,Filo Mix,7,24,0,168,5.24
Old World Delicatessen,2743 Bering St.,Anchorage,AK,99508,USA,OLDWO,Old World Delicatessen,2743 Bering St.,Anchorage,AK,99508,USA,Janet Leverling,10594,08/09/1995 00:00,09/06/1995 00:00,08/16/1995 00:00,United Package,58,Escargots de Bourgogne,13.25,30,0,397.5,5.24
Old World Delicatessen,2743 Bering St.,Anchorage,AK,99508,USA,OLDWO,Old World Delicatessen,2743 Bering St.,Anchorage,AK,99508,USA,Nancy Davolio,10680,10/25/1995 00:00,11/22/1995 00:00,10/27/1995 00:00,Speedy Express,16,Pavlova,17.45,50,0.25,654.38,26.61
Old World Delicatessen,2743 Bering St.,Anchorage,AK,99508,USA,OLDWO,Old World Delicatessen,2743 Bering St.,Anchorage,AK,99508,USA,Nancy Davolio,10680,10/25/1995 00:00,11/22/1995 00:00,10/27/1995 00:00,Speedy Express,31,Gorgonzola Telino,12.5,20,0.25,187.5,26.61
Old World Delicatessen,2743 Bering St.,Anchorage,AK,99508,USA,OLDWO,Old World Delicatessen,2743 Bering St.,Anchorage,AK,99508,USA,Nancy Davolio,10680,10/25/1995 00:00,11/22/1995 00:00,10/27/1995 00:00,Speedy Express,42,Singaporean Hokkien Fried Mee,14,40,0.25,420,26.61
Old World Delicatessen,2743 Bering St.,Anchorage,AK,99508,USA,OLDWO,Old World Delicatessen,2743 Bering St.,Anchorage,AK,99508,USA,Laura Callahan,10706,11/16/1995 00:00,12/14/1995 00:00,11/21/1995 00:00,Federal Shipping,16,Pavlova,17.45,20,0,349,135.63
Old World Delicatessen,2743 Bering St.,Anchorage,AK,99508,USA,OLDWO,Old World Delicatessen,2743 Bering St.,Anchorage,AK,99508,USA,Laura Callahan,10706,11/16/1995 00:00,12/14/1995 00:00,11/21/1995 00:00,Federal Shipping,43,Ipoh Coffee,46,24,0,1104,135.63
Old World Delicatessen,2743 Bering St.,Anchorage,AK,99508,USA,OLDWO,Old World Delicatessen,2743 Bering St.,Anchorage,AK,99508,USA,Laura Callahan,10706,11/16/1995 00:00,12/14/1995 00:00,11/21/1995 00:00,Federal Shipping,59,Raclette Courdavault,55,8,0,440,135.63
Old World Delicatessen,2743 Bering St.,Anchorage,AK,99508,USA,OLDWO,Old World Delicatessen,2743 Bering St.,Anchorage,AK,99508,USA,Andrew Fuller,10808,02/01/1996 00:00,02/29/1996 00:00,02/09/1996 00:00,Federal Shipping,56,Gnocchi di nonna Alice,38,20,0.15,646,45.53
Old World Delicatessen,2743 Bering St.,Anchorage,AK,99508,USA,OLDWO,Old World Delicatessen,2743 Bering St.,Anchorage,AK,99508,USA,Andrew Fuller,10808,02/01/1996 00:00,02/29/1996 00:00,02/09/1996 00:00,Federal Shipping,76,Lakkalikööri,18,50,0.15,765,45.53
Old World Delicatessen,2743 Bering St.,Anchorage,AK,99508,USA,OLDWO,Old World Delicatessen,2743 Bering St.,Anchorage,AK,99508,USA,Janet Leverling,10855,02/27/1996 00:00,03/26/1996 00:00,03/06/1996 00:00,Speedy Express,16,Pavlova,17.45,50,0,872.5,170.97
Old World Delicatessen,2743 Bering St.,Anchorage,AK,99508,USA,OLDWO,Old World Delicatessen,2743 Bering St.,Anchorage,AK,99508,USA,Janet Leverling,10855,02/27/1996 00:00,03/26/1996 00:00,03/06/1996 00:00,Speedy Express,31,Gorgonzola Telino,12.5,14,0,175,170.97
Old World Delicatessen,2743 Bering St.,Anchorage,AK,99508,USA,OLDWO,Old World Delicatessen,2743 Bering St.,Anchorage,AK,99508,USA,Janet Leverling,10855,02/27/1996 00:00,03/26/1996 00:00,03/06/1996 00:00,Speedy Express,56,Gnocchi di nonna Alice,38,24,0,912,170.97
Old World Delicatessen,2743 Bering St.,Anchorage,AK,99508,USA,OLDWO,Old World Delicatessen,2743 Bering St.,Anchorage,AK,99508,USA,Janet Leverling,10855,02/27/1996 00:00,03/26/1996 00:00,03/06/1996 00:00,Speedy Express,65,Louisiana Fiery Hot Pepper Sauce,21.05,15,0.15,268.39,170.97
Old World Delicatessen,2743 Bering St.,Anchorage,AK,99508,USA,OLDWO,Old World Delicatessen,2743 Bering St.,Anchorage,AK,99508,USA,Michael Suyama,10965,04/19/1996 00:00,05/17/1996 00:00,04/29/1996 00:00,Federal Shipping,51,Manjimup Dried Apples,53,16,0,848,144.38
Old World Delicatessen,2743 Bering St.,Anchorage,AK,99508,USA,OLDWO,Old World Delicatessen,2743 Bering St.,Anchorage,AK,99508,USA,Laura Callahan,11034,05/20/1996 00:00,07/01/1996 00:00,05/27/1996 00:00,Speedy Express,21,Sir Rodney's Scones,10,15,0.1,135,40.32
Old World Delicatessen,2743 Bering St.,Anchorage,AK,99508,USA,OLDWO,Old World Delicatessen,2743 Bering St.,Anchorage,AK,99508,USA,Laura Callahan,11034,05/20/1996 00:00,07/01/1996 00:00,05/27/1996 00:00,Speedy Express,44,Gula Malacca,19.45,12,0,233.4,40.32
Old World Delicatessen,2743 Bering St.,Anchorage,AK,99508,USA,OLDWO,Old World Delicatessen,2743 Bering St.,Anchorage,AK,99508,USA,Laura Callahan,11034,05/20/1996 00:00,07/01/1996 00:00,05/27/1996 00:00,Speedy Express,61,Sirop d'érable,28.5,6,0,171,40.32
Rattlesnake Canyon Grocery,2817 Milton Dr.,Albuquerque,NM,87110,USA,RATTC,Rattlesnake Canyon Grocery,2817 Milton Dr.,Albuquerque,NM,87110,USA,Janet Leverling,10346,12/06/1994 00:00,01/17/1995 00:00,12/09/1994 00:00,Federal Shipping,17,Alice Mutton,31.2,36,0.1,1010.88,142.08
Rattlesnake Canyon Grocery,2817 Milton Dr.,Albuquerque,NM,87110,USA,RATTC,Rattlesnake Canyon Grocery,2817 Milton Dr.,Albuquerque,NM,87110,USA,Janet Leverling,10346,12/06/1994 00:00,01/17/1995 00:00,12/09/1994 00:00,Federal Shipping,56,Gnocchi di nonna Alice,30.4,20,0,608,142.08
Rattlesnake Canyon Grocery,2817 Milton Dr.,Albuquerque,NM,87110,USA,RATTC,Rattlesnake Canyon Grocery,2817 Milton Dr.,Albuquerque,NM,87110,USA,Laura Callahan,10262,08/22/1994 00:00,09/19/1994 00:00,08/25/1994 00:00,Federal Shipping,5,Chef Anton's Gumbo Mix,17,12,0.2,163.2,48.29
Rattlesnake Canyon Grocery,2817 Milton Dr.,Albuquerque,NM,87110,USA,RATTC,Rattlesnake Canyon Grocery,2817 Milton Dr.,Albuquerque,NM,87110,USA,Laura Callahan,10262,08/22/1994 00:00,09/19/1994 00:00,08/25/1994 00:00,Federal Shipping,7,Uncle Bob's Organic Dried Pears,24,15,0,360,48.29
Rattlesnake Canyon Grocery,2817 Milton Dr.,Albuquerque,NM,87110,USA,RATTC,Rattlesnake Canyon Grocery,2817 Milton Dr.,Albuquerque,NM,87110,USA,Laura Callahan,10262,08/22/1994 00:00,09/19/1994 00:00,08/25/1994 00:00,Federal Shipping,56,Gnocchi di nonna Alice,30.4,2,0,60.8,48.29
Rattlesnake Canyon Grocery,2817 Milton Dr.,Albuquerque,NM,87110,USA,RATTC,Rattlesnake Canyon Grocery,2817 Milton Dr.,Albuquerque,NM,87110,USA,Michael Suyama,10272,09/02/1994 00:00,09/30/1994 00:00,09/06/1994 00:00,United Package,20,Sir Rodney's Marmalade,64.8,6,0,388.8,98.03
Rattlesnake Canyon Grocery,2817 Milton Dr.,Albuquerque,NM,87110,USA,RATTC,Rattlesnake Canyon Grocery,2817 Milton Dr.,Albuquerque,NM,87110,USA,Michael Suyama,10272,09/02/1994 00:00,09/30/1994 00:00,09/06/1994 00:00,United Package,31,Gorgonzola Telino,10,40,0,400,98.03
Rattlesnake Canyon Grocery,2817 Milton Dr.,Albuquerque,NM,87110,USA,RATTC,Rattlesnake Canyon Grocery,2817 Milton Dr.,Albuquerque,NM,87110,USA,Michael Suyama,10272,09/02/1994 00:00,09/30/1994 00:00,09/06/1994 00:00,United Package,72,Mozzarella di Giovanni,27.8,24,0,667.2,98.03
Rattlesnake Canyon Grocery,2817 Milton Dr.,Albuquerque,NM,87110,USA,RATTC,Rattlesnake Canyon Grocery,2817 Milton Dr.,Albuquerque,NM,87110,USA,Margaret Peacock,10294,09/30/1994 00:00,10/28/1994 00:00,10/06/1994 00:00,United Package,1,Chai,14.4,18,0,259.2,147.26
Rattlesnake Canyon Grocery,2817 Milton Dr.,Albuquerque,NM,87110,USA,RATTC,Rattlesnake Canyon Grocery,2817 Milton Dr.,Albuquerque,NM,87110,USA,Margaret Peacock,10294,09/30/1994 00:00,10/28/1994 00:00,10/06/1994 00:00,United Package,17,Alice Mutton,31.2,15,0,468,147.26
Rattlesnake Canyon Grocery,2817 Milton Dr.,Albuquerque,NM,87110,USA,RATTC,Rattlesnake Canyon Grocery,2817 Milton Dr.,Albuquerque,NM,87110,USA,Margaret Peacock,10294,09/30/1994 00:00,10/28/1994 00:00,10/06/1994 00:00,United Package,43,Ipoh Coffee,36.8,15,0,552,147.26
Rattlesnake Canyon Grocery,2817 Milton Dr.,Albuquerque,NM,87110,USA,RATTC,Rattlesnake Canyon Grocery,2817 Milton Dr.,Albuquerque,NM,87110,USA,Margaret Peacock,10294,09/30/1994 00:00,10/28/1994 00:00,10/06/1994 00:00,United Package,60,Camembert Pierrot,27.2,21,0,571.2,147.26
Rattlesnake Canyon Grocery,2817 Milton Dr.,Albuquerque,NM,87110,USA,RATTC,Rattlesnake Canyon Grocery,2817 Milton Dr.,Albuquerque,NM,87110,USA,Margaret Peacock,10294,09/30/1994 00:00,10/28/1994 00:00,10/06/1994 00:00,United Package,75,Rhönbräu Klosterbier,6.2,6,0,37.2,147.26
Rattlesnake Canyon Grocery,2817 Milton Dr.,Albuquerque,NM,87110,USA,RATTC,Rattlesnake Canyon Grocery,2817 Milton Dr.,Albuquerque,NM,87110,USA,Nancy Davolio,10314,10/26/1994 00:00,11/23/1994 00:00,11/04/1994 00:00,United Package,32,Mascarpone Fabioli,25.6,40,0.1,921.6,74.16
Rattlesnake Canyon Grocery,2817 Milton Dr.,Albuquerque,NM,87110,USA,RATTC,Rattlesnake Canyon Grocery,2817 Milton Dr.,Albuquerque,NM,87110,USA,Nancy Davolio,10314,10/26/1994 00:00,11/23/1994 00:00,11/04/1994 00:00,United Package,58,Escargots de Bourgogne,10.6,30,0.1,286.2,74.16
Rattlesnake Canyon Grocery,2817 Milton Dr.,Albuquerque,NM,87110,USA,RATTC,Rattlesnake Canyon Grocery,2817 Milton Dr.,Albuquerque,NM,87110,USA,Nancy Davolio,10314,10/26/1994 00:00,11/23/1994 00:00,11/04/1994 00:00,United Package,62,Tarte au sucre,39.4,25,0.1,886.5,74.16
Rattlesnake Canyon Grocery,2817 Milton Dr.,Albuquerque,NM,87110,USA,RATTC,Rattlesnake Canyon Grocery,2817 Milton Dr.,Albuquerque,NM,87110,USA,Nancy Davolio,10316,10/28/1994 00:00,11/25/1994 00:00,11/08/1994 00:00,Federal Shipping,41,Jack's New England Clam Chowder,7.7,10,0,77,150.15
Rattlesnake Canyon Grocery,2817 Milton Dr.,Albuquerque,NM,87110,USA,RATTC,Rattlesnake Canyon Grocery,2817 Milton Dr.,Albuquerque,NM,87110,USA,Nancy Davolio,10316,10/28/1994 00:00,11/25/1994 00:00,11/08/1994 00:00,Federal Shipping,62,Tarte au sucre,39.4,70,0,2758,150.15
Rattlesnake Canyon Grocery,2817 Milton Dr.,Albuquerque,NM,87110,USA,RATTC,Rattlesnake Canyon Grocery,2817 Milton Dr.,Albuquerque,NM,87110,USA,Nancy Davolio,10401,02/01/1995 00:00,03/01/1995 00:00,02/10/1995 00:00,Speedy Express,30,Nord-Ost Matjeshering,20.7,18,0,372.6,12.51
Rattlesnake Canyon Grocery,2817 Milton Dr.,Albuquerque,NM,87110,USA,RATTC,Rattlesnake Canyon Grocery,2817 Milton Dr.,Albuquerque,NM,87110,USA,Nancy Davolio,10401,02/01/1995 00:00,03/01/1995 00:00,02/10/1995 00:00,Speedy Express,56,Gnocchi di nonna Alice,30.4,70,0,2128,12.51
Rattlesnake Canyon Grocery,2817 Milton Dr.,Albuquerque,NM,87110,USA,RATTC,Rattlesnake Canyon Grocery,2817 Milton Dr.,Albuquerque,NM,87110,USA,Nancy Davolio,10401,02/01/1995 00:00,03/01/1995 00:00,02/10/1995 00:00,Speedy Express,65,Louisiana Fiery Hot Pepper Sauce,16.8,20,0,336,12.51
Rattlesnake Canyon Grocery,2817 Milton Dr.,Albuquerque,NM,87110,USA,RATTC,Rattlesnake Canyon Grocery,2817 Milton Dr.,Albuquerque,NM,87110,USA,Nancy Davolio,10401,02/01/1995 00:00,03/01/1995 00:00,02/10/1995 00:00,Speedy Express,71,Fløtemysost,17.2,60,0,1032,12.51
Rattlesnake Canyon Grocery,2817 Milton Dr.,Albuquerque,NM,87110,USA,RATTC,Rattlesnake Canyon Grocery,2817 Milton Dr.,Albuquerque,NM,87110,USA,Janet Leverling,10479,04/19/1995 00:00,05/17/1995 00:00,04/21/1995 00:00,Federal Shipping,38,Côte de Blaye,210.8,30,0,6324,708.95
Rattlesnake Canyon Grocery,2817 Milton Dr.,Albuquerque,NM,87110,USA,RATTC,Rattlesnake Canyon Grocery,2817 Milton Dr.,Albuquerque,NM,87110,USA,Janet Leverling,10479,04/19/1995 00:00,05/17/1995 00:00,04/21/1995 00:00,Federal Shipping,53,Perth Pasties,26.2,28,0,733.6,708.95
Rattlesnake Canyon Grocery,2817 Milton Dr.,Albuquerque,NM,87110,USA,RATTC,Rattlesnake Canyon Grocery,2817 Milton Dr.,Albuquerque,NM,87110,USA,Janet Leverling,10479,04/19/1995 00:00,05/17/1995 00:00,04/21/1995 00:00,Federal Shipping,59,Raclette Courdavault,44,60,0,2640,708.95
Rattlesnake Canyon Grocery,2817 Milton Dr.,Albuquerque,NM,87110,USA,RATTC,Rattlesnake Canyon Grocery,2817 Milton Dr.,Albuquerque,NM,87110,USA,Janet Leverling,10479,04/19/1995 00:00,05/17/1995 00:00,04/21/1995 00:00,Federal Shipping,64,Wimmers gute Semmelknödel,26.6,30,0,798,708.95
Rattlesnake Canyon Grocery,2817 Milton Dr.,Albuquerque,NM,87110,USA,RATTC,Rattlesnake Canyon Grocery,2817 Milton Dr.,Albuquerque,NM,87110,USA,Margaret Peacock,10564,07/11/1995 00:00,08/08/1995 00:00,07/17/1995 00:00,Federal Shipping,17,Alice Mutton,39,16,0.05,592.8,13.75
Rattlesnake Canyon Grocery,2817 Milton Dr.,Albuquerque,NM,87110,USA,RATTC,Rattlesnake Canyon Grocery,2817 Milton Dr.,Albuquerque,NM,87110,USA,Margaret Peacock,10564,07/11/1995 00:00,08/08/1995 00:00,07/17/1995 00:00,Federal Shipping,31,Gorgonzola Telino,12.5,6,0.05,71.25,13.75
Rattlesnake Canyon Grocery,2817 Milton Dr.,Albuquerque,NM,87110,USA,RATTC,Rattlesnake Canyon Grocery,2817 Milton Dr.,Albuquerque,NM,87110,USA,Margaret Peacock,10564,07/11/1995 00:00,08/08/1995 00:00,07/17/1995 00:00,Federal Shipping,55,Pâté chinois,24,25,0.05,570,13.75
Rattlesnake Canyon Grocery,2817 Milton Dr.,Albuquerque,NM,87110,USA,RATTC,Rattlesnake Canyon Grocery,2817 Milton Dr.,Albuquerque,NM,87110,USA,Steven Buchanan,10569,07/17/1995 00:00,08/14/1995 00:00,08/11/1995 00:00,Speedy Express,31,Gorgonzola Telino,12.5,35,0.2,350,58.98
Rattlesnake Canyon Grocery,2817 Milton Dr.,Albuquerque,NM,87110,USA,RATTC,Rattlesnake Canyon Grocery,2817 Milton Dr.,Albuquerque,NM,87110,USA,Steven Buchanan,10569,07/17/1995 00:00,08/14/1995 00:00,08/11/1995 00:00,Speedy Express,76,Lakkalikööri,18,30,0,540,58.98
Rattlesnake Canyon Grocery,2817 Milton Dr.,Albuquerque,NM,87110,USA,RATTC,Rattlesnake Canyon Grocery,2817 Milton Dr.,Albuquerque,NM,87110,USA,Nancy Davolio,10598,08/14/1995 00:00,09/11/1995 00:00,08/18/1995 00:00,Federal Shipping,27,Schoggi Schokolade,43.9,50,0,2195,44.42
Rattlesnake Canyon Grocery,2817 Milton Dr.,Albuquerque,NM,87110,USA,RATTC,Rattlesnake Canyon Grocery,2817 Milton Dr.,Albuquerque,NM,87110,USA,Nancy Davolio,10598,08/14/1995 00:00,09/11/1995 00:00,08/18/1995 00:00,Federal Shipping,71,Fløtemysost,21.5,9,0,193.5,44.42
Rattlesnake Canyon Grocery,2817 Milton Dr.,Albuquerque,NM,87110,USA,RATTC,Rattlesnake Canyon Grocery,2817 Milton Dr.,Albuquerque,NM,87110,USA,Steven Buchanan,10761,01/02/1996 00:00,01/30/1996 00:00,01/08/1996 00:00,United Package,25,NuNuCa Nuß-Nougat-Creme,14,35,0.25,367.5,18.66
Rattlesnake Canyon Grocery,2817 Milton Dr.,Albuquerque,NM,87110,USA,RATTC,Rattlesnake Canyon Grocery,2817 Milton Dr.,Albuquerque,NM,87110,USA,Steven Buchanan,10761,01/02/1996 00:00,01/30/1996 00:00,01/08/1996 00:00,United Package,75,Rhönbräu Klosterbier,7.75,18,0,139.5,18.66
Rattlesnake Canyon Grocery,2817 Milton Dr.,Albuquerque,NM,87110,USA,RATTC,Rattlesnake Canyon Grocery,2817 Milton Dr.,Albuquerque,NM,87110,USA,Janet Leverling,10820,02/07/1996 00:00,03/06/1996 00:00,02/13/1996 00:00,United Package,56,Gnocchi di nonna Alice,38,30,0,1140,37.52
Rattlesnake Canyon Grocery,2817 Milton Dr.,Albuquerque,NM,87110,USA,RATTC,Rattlesnake Canyon Grocery,2817 Milton Dr.,Albuquerque,NM,87110,USA,Laura Callahan,10852,02/26/1996 00:00,03/11/1996 00:00,03/01/1996 00:00,Speedy Express,2,Chang,19,15,0,285,174.05
Rattlesnake Canyon Grocery,2817 Milton Dr.,Albuquerque,NM,87110,USA,RATTC,Rattlesnake Canyon Grocery,2817 Milton Dr.,Albuquerque,NM,87110,USA,Laura Callahan,10852,02/26/1996 00:00,03/11/1996 00:00,03/01/1996 00:00,Speedy Express,17,Alice Mutton,39,6,0,234,174.05
Rattlesnake Canyon Grocery,2817 Milton Dr.,Albuquerque,NM,87110,USA,RATTC,Rattlesnake Canyon Grocery,2817 Milton Dr.,Albuquerque,NM,87110,USA,Laura Callahan,10852,02/26/1996 00:00,03/11/1996 00:00,03/01/1996 00:00,Speedy Express,62,Tarte au sucre,49.3,50,0,2465,174.05
Rattlesnake Canyon Grocery,2817 Milton Dr.,Albuquerque,NM,87110,USA,RATTC,Rattlesnake Canyon Grocery,2817 Milton Dr.,Albuquerque,NM,87110,USA,Anne Dodsworth,10889,03/18/1996 00:00,04/15/1996 00:00,03/25/1996 00:00,Federal Shipping,11,Queso Cabrales,21,40,0,840,280.61
Rattlesnake Canyon Grocery,2817 Milton Dr.,Albuquerque,NM,87110,USA,RATTC,Rattlesnake Canyon Grocery,2817 Milton Dr.,Albuquerque,NM,87110,USA,Anne Dodsworth,10889,03/18/1996 00:00,04/15/1996 00:00,03/25/1996 00:00,Federal Shipping,38,Côte de Blaye,263.5,40,0,10540,280.61
Rattlesnake Canyon Grocery,2817 Milton Dr.,Albuquerque,NM,87110,USA,RATTC,Rattlesnake Canyon Grocery,2817 Milton Dr.,Albuquerque,NM,87110,USA,Janet Leverling,10988,04/30/1996 00:00,05/28/1996 00:00,05/10/1996 00:00,United Package,7,Uncle Bob's Organic Dried Pears,30,60,0,1800,61.14
Rattlesnake Canyon Grocery,2817 Milton Dr.,Albuquerque,NM,87110,USA,RATTC,Rattlesnake Canyon Grocery,2817 Milton Dr.,Albuquerque,NM,87110,USA,Janet Leverling,10988,04/30/1996 00:00,05/28/1996 00:00,05/10/1996 00:00,United Package,62,Tarte au sucre,49.3,40,0.1,1774.8,61.14
Rattlesnake Canyon Grocery,2817 Milton Dr.,Albuquerque,NM,87110,USA,RATTC,Rattlesnake Canyon Grocery,2817 Milton Dr.,Albuquerque,NM,87110,USA,Andrew Fuller,11000,05/06/1996 00:00,06/03/1996 00:00,05/14/1996 00:00,Federal Shipping,4,Chef Anton's Cajun Seasoning,22,25,0.25,412.5,55.12
Rattlesnake Canyon Grocery,2817 Milton Dr.,Albuquerque,NM,87110,USA,RATTC,Rattlesnake Canyon Grocery,2817 Milton Dr.,Albuquerque,NM,87110,USA,Andrew Fuller,11000,05/06/1996 00:00,06/03/1996 00:00,05/14/1996 00:00,Federal Shipping,24,Guaraná Fantástica,4.5,30,0.25,101.25,55.12
Rattlesnake Canyon Grocery,2817 Milton Dr.,Albuquerque,NM,87110,USA,RATTC,Rattlesnake Canyon Grocery,2817 Milton Dr.,Albuquerque,NM,87110,USA,Andrew Fuller,11000,05/06/1996 00:00,06/03/1996 00:00,05/14/1996 00:00,Federal Shipping,77,Original Frankfurter grüne Soße,13,30,0,390,55.12
Rattlesnake Canyon Grocery,2817 Milton Dr.,Albuquerque,NM,87110,USA,RATTC,Rattlesnake Canyon Grocery,2817 Milton Dr.,Albuquerque,NM,87110,USA,Nancy Davolio,11077,06/05/1996 00:00,07/03/1996 00:00,,United Package,2,Chang,19,24,0.2,364.8,8.53
Rattlesnake Canyon Grocery,2817 Milton Dr.,Albuquerque,NM,87110,USA,RATTC,Rattlesnake Canyon Grocery,2817 Milton Dr.,Albuquerque,NM,87110,USA,Nancy Davolio,11077,06/05/1996 00:00,07/03/1996 00:00,,United Package,3,Aniseed Syrup,10,4,0,40,8.53
Rattlesnake Canyon Grocery,2817 Milton Dr.,Albuquerque,NM,87110,USA,RATTC,Rattlesnake Canyon Grocery,2817 Milton Dr.,Albuquerque,NM,87110,USA,Nancy Davolio,11077,06/05/1996 00:00,07/03/1996 00:00,,United Package,4,Chef Anton's Cajun Seasoning,22,1,0,22,8.53
Rattlesnake Canyon Grocery,2817 Milton Dr.,Albuquerque,NM,87110,USA,RATTC,Rattlesnake Canyon Grocery,2817 Milton Dr.,Albuquerque,NM,87110,USA,Nancy Davolio,11077,06/05/1996 00:00,07/03/1996 00:00,,United Package,6,Grandma's Boysenberry Spread,25,1,0.02,24.5,8.53
Rattlesnake Canyon Grocery,2817 Milton Dr.,Albuquerque,NM,87110,USA,RATTC,Rattlesnake Canyon Grocery,2817 Milton Dr.,Albuquerque,NM,87110,USA,Nancy Davolio,11077,06/05/1996 00:00,07/03/1996 00:00,,United Package,7,Uncle Bob's Organic Dried Pears,30,1,0.05,28.5,8.53
Rattlesnake Canyon Grocery,2817 Milton Dr.,Albuquerque,NM,87110,USA,RATTC,Rattlesnake Canyon Grocery,2817 Milton Dr.,Albuquerque,NM,87110,USA,Nancy Davolio,11077,06/05/1996 00:00,07/03/1996 00:00,,United Package,8,Northwoods Cranberry Sauce,40,2,0.1,72,8.53
Rattlesnake Canyon Grocery,2817 Milton Dr.,Albuquerque,NM,87110,USA,RATTC,Rattlesnake Canyon Grocery,2817 Milton Dr.,Albuquerque,NM,87110,USA,Nancy Davolio,11077,06/05/1996 00:00,07/03/1996 00:00,,United Package,10,Ikura,31,1,0,31,8.53
Rattlesnake Canyon Grocery,2817 Milton Dr.,Albuquerque,NM,87110,USA,RATTC,Rattlesnake Canyon Grocery,2817 Milton Dr.,Albuquerque,NM,87110,USA,Nancy Davolio,11077,06/05/1996 00:00,07/03/1996 00:00,,United Package,12,Queso Manchego La Pastora,38,2,0.05,72.2,8.53
Rattlesnake Canyon Grocery,2817 Milton Dr.,Albuquerque,NM,87110,USA,RATTC,Rattlesnake Canyon Grocery,2817 Milton Dr.,Albuquerque,NM,87110,USA,Nancy Davolio,11077,06/05/1996 00:00,07/03/1996 00:00,,United Package,13,Konbu,6,4,0,24,8.53
Rattlesnake Canyon Grocery,2817 Milton Dr.,Albuquerque,NM,87110,USA,RATTC,Rattlesnake Canyon Grocery,2817 Milton Dr.,Albuquerque,NM,87110,USA,Nancy Davolio,11077,06/05/1996 00:00,07/03/1996 00:00,,United Package,14,Tofu,23.25,1,0.03,22.55,8.53
Rattlesnake Canyon Grocery,2817 Milton Dr.,Albuquerque,NM,87110,USA,RATTC,Rattlesnake Canyon Grocery,2817 Milton Dr.,Albuquerque,NM,87110,USA,Nancy Davolio,11077,06/05/1996 00:00,07/03/1996 00:00,,United Package,16,Pavlova,17.45,2,0.03,33.85,8.53
Rattlesnake Canyon Grocery,2817 Milton Dr.,Albuquerque,NM,87110,USA,RATTC,Rattlesnake Canyon Grocery,2817 Milton Dr.,Albuquerque,NM,87110,USA,Nancy Davolio,11077,06/05/1996 00:00,07/03/1996 00:00,,United Package,20,Sir Rodney's Marmalade,81,1,0.04,77.76,8.53
Rattlesnake Canyon Grocery,2817 Milton Dr.,Albuquerque,NM,87110,USA,RATTC,Rattlesnake Canyon Grocery,2817 Milton Dr.,Albuquerque,NM,87110,USA,Nancy Davolio,11077,06/05/1996 00:00,07/03/1996 00:00,,United Package,23,Tunnbröd,9,2,0,18,8.53
Rattlesnake Canyon Grocery,2817 Milton Dr.,Albuquerque,NM,87110,USA,RATTC,Rattlesnake Canyon Grocery,2817 Milton Dr.,Albuquerque,NM,87110,USA,Nancy Davolio,11077,06/05/1996 00:00,07/03/1996 00:00,,United Package,32,Mascarpone Fabioli,32,1,0,32,8.53
Rattlesnake Canyon Grocery,2817 Milton Dr.,Albuquerque,NM,87110,USA,RATTC,Rattlesnake Canyon Grocery,2817 Milton Dr.,Albuquerque,NM,87110,USA,Nancy Davolio,11077,06/05/1996 00:00,07/03/1996 00:00,,United Package,39,Chartreuse verte,18,2,0.05,34.2,8.53
Rattlesnake Canyon Grocery,2817 Milton Dr.,Albuquerque,NM,87110,USA,RATTC,Rattlesnake Canyon Grocery,2817 Milton Dr.,Albuquerque,NM,87110,USA,Nancy Davolio,11077,06/05/1996 00:00,07/03/1996 00:00,,United Package,41,Jack's New England Clam Chowder,9.65,3,0,28.95,8.53
Rattlesnake Canyon Grocery,2817 Milton Dr.,Albuquerque,NM,87110,USA,RATTC,Rattlesnake Canyon Grocery,2817 Milton Dr.,Albuquerque,NM,87110,USA,Nancy Davolio,11077,06/05/1996 00:00,07/03/1996 00:00,,United Package,46,Spegesild,12,3,0.02,35.28,8.53
Rattlesnake Canyon Grocery,2817 Milton Dr.,Albuquerque,NM,87110,USA,RATTC,Rattlesnake Canyon Grocery,2817 Milton Dr.,Albuquerque,NM,87110,USA,Nancy Davolio,11077,06/05/1996 00:00,07/03/1996 00:00,,United Package,52,Filo Mix,7,2,0,14,8.53
Rattlesnake Canyon Grocery,2817 Milton Dr.,Albuquerque,NM,87110,USA,RATTC,Rattlesnake Canyon Grocery,2817 Milton Dr.,Albuquerque,NM,87110,USA,Nancy Davolio,11077,06/05/1996 00:00,07/03/1996 00:00,,United Package,55,Pâté chinois,24,2,0,48,8.53
Rattlesnake Canyon Grocery,2817 Milton Dr.,Albuquerque,NM,87110,USA,RATTC,Rattlesnake Canyon Grocery,2817 Milton Dr.,Albuquerque,NM,87110,USA,Nancy Davolio,11077,06/05/1996 00:00,07/03/1996 00:00,,United Package,60,Camembert Pierrot,34,2,0.06,63.92,8.53
Rattlesnake Canyon Grocery,2817 Milton Dr.,Albuquerque,NM,87110,USA,RATTC,Rattlesnake Canyon Grocery,2817 Milton Dr.,Albuquerque,NM,87110,USA,Nancy Davolio,11077,06/05/1996 00:00,07/03/1996 00:00,,United Package,64,Wimmers gute Semmelknödel,33.25,2,0.03,64.51,8.53
Rattlesnake Canyon Grocery,2817 Milton Dr.,Albuquerque,NM,87110,USA,RATTC,Rattlesnake Canyon Grocery,2817 Milton Dr.,Albuquerque,NM,87110,USA,Nancy Davolio,11077,06/05/1996 00:00,07/03/1996 00:00,,United Package,66,Louisiana Hot Spiced Okra,17,1,0,17,8.53
Rattlesnake Canyon Grocery,2817 Milton Dr.,Albuquerque,NM,87110,USA,RATTC,Rattlesnake Canyon Grocery,2817 Milton Dr.,Albuquerque,NM,87110,USA,Nancy Davolio,11077,06/05/1996 00:00,07/03/1996 00:00,,United Package,73,Röd Kaviar,15,2,0.01,29.7,8.53
Rattlesnake Canyon Grocery,2817 Milton Dr.,Albuquerque,NM,87110,USA,RATTC,Rattlesnake Canyon Grocery,2817 Milton Dr.,Albuquerque,NM,87110,USA,Nancy Davolio,11077,06/05/1996 00:00,07/03/1996 00:00,,United Package,75,Rhönbräu Klosterbier,7.75,4,0,31,8.53
Rattlesnake Canyon Grocery,2817 Milton Dr.,Albuquerque,NM,87110,USA,RATTC,Rattlesnake Canyon Grocery,2817 Milton Dr.,Albuquerque,NM,87110,USA,Nancy Davolio,11077,06/05/1996 00:00,07/03/1996 00:00,,United Package,77,Original Frankfurter grüne Soße,13,2,0,26,8.53
Save-a-lot Markets,187 Suffolk Ln.,Boise,ID,83720,USA,SAVEA,Save-a-lot Markets,187 Suffolk Ln.,Boise,ID,83720,USA,Anne Dodsworth,10324,11/08/1994 00:00,12/06/1994 00:00,11/10/1994 00:00,Speedy Express,16,Pavlova,13.9,21,0.15,248.11,214.27
Save-a-lot Markets,187 Suffolk Ln.,Boise,ID,83720,USA,SAVEA,Save-a-lot Markets,187 Suffolk Ln.,Boise,ID,83720,USA,Anne Dodsworth,10324,11/08/1994 00:00,12/06/1994 00:00,11/10/1994 00:00,Speedy Express,35,Steeleye Stout,14.4,70,0.15,856.8,214.27
Save-a-lot Markets,187 Suffolk Ln.,Boise,ID,83720,USA,SAVEA,Save-a-lot Markets,187 Suffolk Ln.,Boise,ID,83720,USA,Anne Dodsworth,10324,11/08/1994 00:00,12/06/1994 00:00,11/10/1994 00:00,Speedy Express,46,Spegesild,9.6,30,0,288,214.27
Save-a-lot Markets,187 Suffolk Ln.,Boise,ID,83720,USA,SAVEA,Save-a-lot Markets,187 Suffolk Ln.,Boise,ID,83720,USA,Anne Dodsworth,10324,11/08/1994 00:00,12/06/1994 00:00,11/10/1994 00:00,Speedy Express,59,Raclette Courdavault,44,40,0.15,1496,214.27
Save-a-lot Markets,187 Suffolk Ln.,Boise,ID,83720,USA,SAVEA,Save-a-lot Markets,187 Suffolk Ln.,Boise,ID,83720,USA,Anne Dodsworth,10324,11/08/1994 00:00,12/06/1994 00:00,11/10/1994 00:00,Speedy Express,63,Vegie-spread,35.1,80,0.15,2386.8,214.27
Save-a-lot Markets,187 Suffolk Ln.,Boise,ID,83720,USA,SAVEA,Save-a-lot Markets,187 Suffolk Ln.,Boise,ID,83720,USA,Nancy Davolio,10393,01/25/1995 00:00,02/22/1995 00:00,02/03/1995 00:00,Federal Shipping,2,Chang,15.2,25,0.25,285,126.56
Save-a-lot Markets,187 Suffolk Ln.,Boise,ID,83720,USA,SAVEA,Save-a-lot Markets,187 Suffolk Ln.,Boise,ID,83720,USA,Nancy Davolio,10393,01/25/1995 00:00,02/22/1995 00:00,02/03/1995 00:00,Federal Shipping,14,Tofu,18.6,42,0.25,585.9,126.56
Save-a-lot Markets,187 Suffolk Ln.,Boise,ID,83720,USA,SAVEA,Save-a-lot Markets,187 Suffolk Ln.,Boise,ID,83720,USA,Nancy Davolio,10393,01/25/1995 00:00,02/22/1995 00:00,02/03/1995 00:00,Federal Shipping,25,NuNuCa Nuß-Nougat-Creme,11.2,7,0.25,58.8,126.56
Save-a-lot Markets,187 Suffolk Ln.,Boise,ID,83720,USA,SAVEA,Save-a-lot Markets,187 Suffolk Ln.,Boise,ID,83720,USA,Nancy Davolio,10393,01/25/1995 00:00,02/22/1995 00:00,02/03/1995 00:00,Federal Shipping,26,Gumbär Gummibärchen,24.9,70,0.25,1307.25,126.56
Save-a-lot Markets,187 Suffolk Ln.,Boise,ID,83720,USA,SAVEA,Save-a-lot Markets,187 Suffolk Ln.,Boise,ID,83720,USA,Nancy Davolio,10393,01/25/1995 00:00,02/22/1995 00:00,02/03/1995 00:00,Federal Shipping,31,Gorgonzola Telino,10,32,0,320,126.56
Save-a-lot Markets,187 Suffolk Ln.,Boise,ID,83720,USA,SAVEA,Save-a-lot Markets,187 Suffolk Ln.,Boise,ID,83720,USA,Andrew Fuller,10398,01/30/1995 00:00,02/27/1995 00:00,02/09/1995 00:00,Federal Shipping,35,Steeleye Stout,14.4,30,0,432,89.16
Save-a-lot Markets,187 Suffolk Ln.,Boise,ID,83720,USA,SAVEA,Save-a-lot Markets,187 Suffolk Ln.,Boise,ID,83720,USA,Andrew Fuller,10398,01/30/1995 00:00,02/27/1995 00:00,02/09/1995 00:00,Federal Shipping,55,Pâté chinois,19.2,120,0.1,2073.6,89.16
Save-a-lot Markets,187 Suffolk Ln.,Boise,ID,83720,USA,SAVEA,Save-a-lot Markets,187 Suffolk Ln.,Boise,ID,83720,USA,Margaret Peacock,10440,03/13/1995 00:00,04/10/1995 00:00,03/31/1995 00:00,United Package,2,Chang,15.2,45,0.15,581.4,86.53
Save-a-lot Markets,187 Suffolk Ln.,Boise,ID,83720,USA,SAVEA,Save-a-lot Markets,187 Suffolk Ln.,Boise,ID,83720,USA,Margaret Peacock,10440,03/13/1995 00:00,04/10/1995 00:00,03/31/1995 00:00,United Package,16,Pavlova,13.9,49,0.15,578.93,86.53
Save-a-lot Markets,187 Suffolk Ln.,Boise,ID,83720,USA,SAVEA,Save-a-lot Markets,187 Suffolk Ln.,Boise,ID,83720,USA,Margaret Peacock,10440,03/13/1995 00:00,04/10/1995 00:00,03/31/1995 00:00,United Package,29,Thüringer Rostbratwurst,99,24,0.15,2019.6,86.53
Save-a-lot Markets,187 Suffolk Ln.,Boise,ID,83720,USA,SAVEA,Save-a-lot Markets,187 Suffolk Ln.,Boise,ID,83720,USA,Margaret Peacock,10440,03/13/1995 00:00,04/10/1995 00:00,03/31/1995 00:00,United Package,61,Sirop d'érable,22.8,90,0.15,1744.2,86.53
Save-a-lot Markets,187 Suffolk Ln.,Boise,ID,83720,USA,SAVEA,Save-a-lot Markets,187 Suffolk Ln.,Boise,ID,83720,USA,Laura Callahan,10452,03/23/1995 00:00,04/20/1995 00:00,03/29/1995 00:00,Speedy Express,28,Rössle Sauerkraut,36.4,15,0,546,140.26
Save-a-lot Markets,187 Suffolk Ln.,Boise,ID,83720,USA,SAVEA,Save-a-lot Markets,187 Suffolk Ln.,Boise,ID,83720,USA,Laura Callahan,10452,03/23/1995 00:00,04/20/1995 00:00,03/29/1995 00:00,Speedy Express,44,Gula Malacca,15.5,100,0.05,1472.5,140.26
Save-a-lot Markets,187 Suffolk Ln.,Boise,ID,83720,USA,SAVEA,Save-a-lot Markets,187 Suffolk Ln.,Boise,ID,83720,USA,Michael Suyama,10510,05/19/1995 00:00,06/16/1995 00:00,05/29/1995 00:00,Federal Shipping,29,Thüringer Rostbratwurst,123.79,36,0,4456.44,367.63
Save-a-lot Markets,187 Suffolk Ln.,Boise,ID,83720,USA,SAVEA,Save-a-lot Markets,187 Suffolk Ln.,Boise,ID,83720,USA,Michael Suyama,10510,05/19/1995 00:00,06/16/1995 00:00,05/29/1995 00:00,Federal Shipping,75,Rhönbräu Klosterbier,7.75,36,0.1,251.1,367.63
Save-a-lot Markets,187 Suffolk Ln.,Boise,ID,83720,USA,SAVEA,Save-a-lot Markets,187 Suffolk Ln.,Boise,ID,83720,USA,Michael Suyama,10555,07/03/1995 00:00,07/31/1995 00:00,07/05/1995 00:00,Federal Shipping,14,Tofu,23.25,30,0.2,558,252.49
Save-a-lot Markets,187 Suffolk Ln.,Boise,ID,83720,USA,SAVEA,Save-a-lot Markets,187 Suffolk Ln.,Boise,ID,83720,USA,Michael Suyama,10555,07/03/1995 00:00,07/31/1995 00:00,07/05/1995 00:00,Federal Shipping,19,Teatime Chocolate Biscuits,9.2,35,0.2,257.6,252.49
Save-a-lot Markets,187 Suffolk Ln.,Boise,ID,83720,USA,SAVEA,Save-a-lot Markets,187 Suffolk Ln.,Boise,ID,83720,USA,Michael Suyama,10555,07/03/1995 00:00,07/31/1995 00:00,07/05/1995 00:00,Federal Shipping,24,Guaraná Fantástica,4.5,18,0.2,64.8,252.49
Save-a-lot Markets,187 Suffolk Ln.,Boise,ID,83720,USA,SAVEA,Save-a-lot Markets,187 Suffolk Ln.,Boise,ID,83720,USA,Michael Suyama,10555,07/03/1995 00:00,07/31/1995 00:00,07/05/1995 00:00,Federal Shipping,51,Manjimup Dried Apples,53,20,0.2,848,252.49
Save-a-lot Markets,187 Suffolk Ln.,Boise,ID,83720,USA,SAVEA,Save-a-lot Markets,187 Suffolk Ln.,Boise,ID,83720,USA,Michael Suyama,10555,07/03/1995 00:00,07/31/1995 00:00,07/05/1995 00:00,Federal Shipping,56,Gnocchi di nonna Alice,38,40,0.2,1216,252.49
Save-a-lot Markets,187 Suffolk Ln.,Boise,ID,83720,USA,SAVEA,Save-a-lot Markets,187 Suffolk Ln.,Boise,ID,83720,USA,Laura Callahan,10603,08/18/1995 00:00,09/15/1995 00:00,09/08/1995 00:00,United Package,22,Gustaf's Knäckebröd,21,48,0,1008,48.77
Save-a-lot Markets,187 Suffolk Ln.,Boise,ID,83720,USA,SAVEA,Save-a-lot Markets,187 Suffolk Ln.,Boise,ID,83720,USA,Laura Callahan,10603,08/18/1995 00:00,09/15/1995 00:00,09/08/1995 00:00,United Package,49,Maxilaku,20,25,0.05,475,48.77
Save-a-lot Markets,187 Suffolk Ln.,Boise,ID,83720,USA,SAVEA,Save-a-lot Markets,187 Suffolk Ln.,Boise,ID,83720,USA,Steven Buchanan,10607,08/22/1995 00:00,09/19/1995 00:00,08/25/1995 00:00,Speedy Express,7,Uncle Bob's Organic Dried Pears,30,45,0,1350,200.24
Save-a-lot Markets,187 Suffolk Ln.,Boise,ID,83720,USA,SAVEA,Save-a-lot Markets,187 Suffolk Ln.,Boise,ID,83720,USA,Steven Buchanan,10607,08/22/1995 00:00,09/19/1995 00:00,08/25/1995 00:00,Speedy Express,17,Alice Mutton,39,100,0,3900,200.24
Save-a-lot Markets,187 Suffolk Ln.,Boise,ID,83720,USA,SAVEA,Save-a-lot Markets,187 Suffolk Ln.,Boise,ID,83720,USA,Steven Buchanan,10607,08/22/1995 00:00,09/19/1995 00:00,08/25/1995 00:00,Speedy Express,33,Geitost,2.5,14,0,35,200.24
Save-a-lot Markets,187 Suffolk Ln.,Boise,ID,83720,USA,SAVEA,Save-a-lot Markets,187 Suffolk Ln.,Boise,ID,83720,USA,Steven Buchanan,10607,08/22/1995 00:00,09/19/1995 00:00,08/25/1995 00:00,Speedy Express,40,Boston Crab Meat,18.4,42,0,772.8,200.24
Save-a-lot Markets,187 Suffolk Ln.,Boise,ID,83720,USA,SAVEA,Save-a-lot Markets,187 Suffolk Ln.,Boise,ID,83720,USA,Steven Buchanan,10607,08/22/1995 00:00,09/19/1995 00:00,08/25/1995 00:00,Speedy Express,72,Mozzarella di Giovanni,34.8,12,0,417.6,200.24
Save-a-lot Markets,187 Suffolk Ln.,Boise,ID,83720,USA,SAVEA,Save-a-lot Markets,187 Suffolk Ln.,Boise,ID,83720,USA,Nancy Davolio,10612,08/28/1995 00:00,09/25/1995 00:00,09/01/1995 00:00,United Package,10,Ikura,31,70,0,2170,544.08
Save-a-lot Markets,187 Suffolk Ln.,Boise,ID,83720,USA,SAVEA,Save-a-lot Markets,187 Suffolk Ln.,Boise,ID,83720,USA,Nancy Davolio,10612,08/28/1995 00:00,09/25/1995 00:00,09/01/1995 00:00,United Package,36,Inlagd Sill,19,55,0,1045,544.08
Save-a-lot Markets,187 Suffolk Ln.,Boise,ID,83720,USA,SAVEA,Save-a-lot Markets,187 Suffolk Ln.,Boise,ID,83720,USA,Nancy Davolio,10612,08/28/1995 00:00,09/25/1995 00:00,09/01/1995 00:00,United Package,49,Maxilaku,20,18,0,360,544.08
Save-a-lot Markets,187 Suffolk Ln.,Boise,ID,83720,USA,SAVEA,Save-a-lot Markets,187 Suffolk Ln.,Boise,ID,83720,USA,Nancy Davolio,10612,08/28/1995 00:00,09/25/1995 00:00,09/01/1995 00:00,United Package,60,Camembert Pierrot,34,40,0,1360,544.08
Save-a-lot Markets,187 Suffolk Ln.,Boise,ID,83720,USA,SAVEA,Save-a-lot Markets,187 Suffolk Ln.,Boise,ID,83720,USA,Nancy Davolio,10612,08/28/1995 00:00,09/25/1995 00:00,09/01/1995 00:00,United Package,76,Lakkalikööri,18,80,0,1440,544.08
Save-a-lot Markets,187 Suffolk Ln.,Boise,ID,83720,USA,SAVEA,Save-a-lot Markets,187 Suffolk Ln.,Boise,ID,83720,USA,Laura Callahan,10627,09/11/1995 00:00,10/23/1995 00:00,09/21/1995 00:00,Federal Shipping,62,Tarte au sucre,49.3,15,0,739.5,107.46
Save-a-lot Markets,187 Suffolk Ln.,Boise,ID,83720,USA,SAVEA,Save-a-lot Markets,187 Suffolk Ln.,Boise,ID,83720,USA,Laura Callahan,10627,09/11/1995 00:00,10/23/1995 00:00,09/21/1995 00:00,Federal Shipping,73,Röd Kaviar,15,35,0.15,446.25,107.46
Save-a-lot Markets,187 Suffolk Ln.,Boise,ID,83720,USA,SAVEA,Save-a-lot Markets,187 Suffolk Ln.,Boise,ID,83720,USA,Andrew Fuller,10657,10/05/1995 00:00,11/02/1995 00:00,10/16/1995 00:00,United Package,15,Genen Shouyu,15.5,50,0,775,352.69
Save-a-lot Markets,187 Suffolk Ln.,Boise,ID,83720,USA,SAVEA,Save-a-lot Markets,187 Suffolk Ln.,Boise,ID,83720,USA,Andrew Fuller,10657,10/05/1995 00:00,11/02/1995 00:00,10/16/1995 00:00,United Package,41,Jack's New England Clam Chowder,9.65,24,0,231.6,352.69
Save-a-lot Markets,187 Suffolk Ln.,Boise,ID,83720,USA,SAVEA,Save-a-lot Markets,187 Suffolk Ln.,Boise,ID,83720,USA,Andrew Fuller,10657,10/05/1995 00:00,11/02/1995 00:00,10/16/1995 00:00,United Package,46,Spegesild,12,45,0,540,352.69
Save-a-lot Markets,187 Suffolk Ln.,Boise,ID,83720,USA,SAVEA,Save-a-lot Markets,187 Suffolk Ln.,Boise,ID,83720,USA,Andrew Fuller,10657,10/05/1995 00:00,11/02/1995 00:00,10/16/1995 00:00,United Package,47,Zaanse koeken,9.5,10,0,95,352.69
Save-a-lot Markets,187 Suffolk Ln.,Boise,ID,83720,USA,SAVEA,Save-a-lot Markets,187 Suffolk Ln.,Boise,ID,83720,USA,Andrew Fuller,10657,10/05/1995 00:00,11/02/1995 00:00,10/16/1995 00:00,United Package,56,Gnocchi di nonna Alice,38,45,0,1710,352.69
Save-a-lot Markets,187 Suffolk Ln.,Boise,ID,83720,USA,SAVEA,Save-a-lot Markets,187 Suffolk Ln.,Boise,ID,83720,USA,Andrew Fuller,10657,10/05/1995 00:00,11/02/1995 00:00,10/16/1995 00:00,United Package,60,Camembert Pierrot,34,30,0,1020,352.69
Save-a-lot Markets,187 Suffolk Ln.,Boise,ID,83720,USA,SAVEA,Save-a-lot Markets,187 Suffolk Ln.,Boise,ID,83720,USA,Robert King,10678,10/24/1995 00:00,11/21/1995 00:00,11/16/1995 00:00,Federal Shipping,12,Queso Manchego La Pastora,38,100,0,3800,388.98
Save-a-lot Markets,187 Suffolk Ln.,Boise,ID,83720,USA,SAVEA,Save-a-lot Markets,187 Suffolk Ln.,Boise,ID,83720,USA,Robert King,10678,10/24/1995 00:00,11/21/1995 00:00,11/16/1995 00:00,Federal Shipping,33,Geitost,2.5,30,0,75,388.98
Save-a-lot Markets,187 Suffolk Ln.,Boise,ID,83720,USA,SAVEA,Save-a-lot Markets,187 Suffolk Ln.,Boise,ID,83720,USA,Robert King,10678,10/24/1995 00:00,11/21/1995 00:00,11/16/1995 00:00,Federal Shipping,41,Jack's New England Clam Chowder,9.65,120,0,1158,388.98
Save-a-lot Markets,187 Suffolk Ln.,Boise,ID,83720,USA,SAVEA,Save-a-lot Markets,187 Suffolk Ln.,Boise,ID,83720,USA,Robert King,10678,10/24/1995 00:00,11/21/1995 00:00,11/16/1995 00:00,Federal Shipping,54,Tourtière,7.45,30,0,223.5,388.98
Save-a-lot Markets,187 Suffolk Ln.,Boise,ID,83720,USA,SAVEA,Save-a-lot Markets,187 Suffolk Ln.,Boise,ID,83720,USA,Janet Leverling,10700,11/10/1995 00:00,12/08/1995 00:00,11/16/1995 00:00,Speedy Express,1,Chai,18,5,0.2,72,65.1
Save-a-lot Markets,187 Suffolk Ln.,Boise,ID,83720,USA,SAVEA,Save-a-lot Markets,187 Suffolk Ln.,Boise,ID,83720,USA,Janet Leverling,10700,11/10/1995 00:00,12/08/1995 00:00,11/16/1995 00:00,Speedy Express,34,Sasquatch Ale,14,12,0.2,134.4,65.1
Save-a-lot Markets,187 Suffolk Ln.,Boise,ID,83720,USA,SAVEA,Save-a-lot Markets,187 Suffolk Ln.,Boise,ID,83720,USA,Janet Leverling,10700,11/10/1995 00:00,12/08/1995 00:00,11/16/1995 00:00,Speedy Express,68,Scottish Longbreads,12.5,40,0.2,400,65.1
Save-a-lot Markets,187 Suffolk Ln.,Boise,ID,83720,USA,SAVEA,Save-a-lot Markets,187 Suffolk Ln.,Boise,ID,83720,USA,Janet Leverling,10700,11/10/1995 00:00,12/08/1995 00:00,11/16/1995 00:00,Speedy Express,71,Fløtemysost,21.5,60,0.2,1032,65.1
Save-a-lot Markets,187 Suffolk Ln.,Boise,ID,83720,USA,SAVEA,Save-a-lot Markets,187 Suffolk Ln.,Boise,ID,83720,USA,Steven Buchanan,10711,11/21/1995 00:00,01/02/1996 00:00,11/29/1995 00:00,United Package,19,Teatime Chocolate Biscuits,9.2,12,0,110.4,52.41
Save-a-lot Markets,187 Suffolk Ln.,Boise,ID,83720,USA,SAVEA,Save-a-lot Markets,187 Suffolk Ln.,Boise,ID,83720,USA,Steven Buchanan,10711,11/21/1995 00:00,01/02/1996 00:00,11/29/1995 00:00,United Package,41,Jack's New England Clam Chowder,9.65,42,0,405.3,52.41
Save-a-lot Markets,187 Suffolk Ln.,Boise,ID,83720,USA,SAVEA,Save-a-lot Markets,187 Suffolk Ln.,Boise,ID,83720,USA,Steven Buchanan,10711,11/21/1995 00:00,01/02/1996 00:00,11/29/1995 00:00,United Package,53,Perth Pasties,32.8,120,0,3936,52.41
Save-a-lot Markets,187 Suffolk Ln.,Boise,ID,83720,USA,SAVEA,Save-a-lot Markets,187 Suffolk Ln.,Boise,ID,83720,USA,Nancy Davolio,10713,11/22/1995 00:00,12/20/1995 00:00,11/24/1995 00:00,Speedy Express,10,Ikura,31,18,0,558,167.05
Save-a-lot Markets,187 Suffolk Ln.,Boise,ID,83720,USA,SAVEA,Save-a-lot Markets,187 Suffolk Ln.,Boise,ID,83720,USA,Nancy Davolio,10713,11/22/1995 00:00,12/20/1995 00:00,11/24/1995 00:00,Speedy Express,26,Gumbär Gummibärchen,31.23,30,0,936.9,167.05
Save-a-lot Markets,187 Suffolk Ln.,Boise,ID,83720,USA,SAVEA,Save-a-lot Markets,187 Suffolk Ln.,Boise,ID,83720,USA,Nancy Davolio,10713,11/22/1995 00:00,12/20/1995 00:00,11/24/1995 00:00,Speedy Express,45,Røgede sild,9.5,110,0,1045,167.05
Save-a-lot Markets,187 Suffolk Ln.,Boise,ID,83720,USA,SAVEA,Save-a-lot Markets,187 Suffolk Ln.,Boise,ID,83720,USA,Nancy Davolio,10713,11/22/1995 00:00,12/20/1995 00:00,11/24/1995 00:00,Speedy Express,46,Spegesild,12,24,0,288,167.05
Save-a-lot Markets,187 Suffolk Ln.,Boise,ID,83720,USA,SAVEA,Save-a-lot Markets,187 Suffolk Ln.,Boise,ID,83720,USA,Steven Buchanan,10714,11/22/1995 00:00,12/20/1995 00:00,11/27/1995 00:00,Federal Shipping,2,Chang,19,30,0.25,427.5,24.49
Save-a-lot Markets,187 Suffolk Ln.,Boise,ID,83720,USA,SAVEA,Save-a-lot Markets,187 Suffolk Ln.,Boise,ID,83720,USA,Steven Buchanan,10714,11/22/1995 00:00,12/20/1995 00:00,11/27/1995 00:00,Federal Shipping,17,Alice Mutton,39,27,0.25,789.75,24.49
Save-a-lot Markets,187 Suffolk Ln.,Boise,ID,83720,USA,SAVEA,Save-a-lot Markets,187 Suffolk Ln.,Boise,ID,83720,USA,Steven Buchanan,10714,11/22/1995 00:00,12/20/1995 00:00,11/27/1995 00:00,Federal Shipping,47,Zaanse koeken,9.5,50,0.25,356.25,24.49
Save-a-lot Markets,187 Suffolk Ln.,Boise,ID,83720,USA,SAVEA,Save-a-lot Markets,187 Suffolk Ln.,Boise,ID,83720,USA,Steven Buchanan,10714,11/22/1995 00:00,12/20/1995 00:00,11/27/1995 00:00,Federal Shipping,56,Gnocchi di nonna Alice,38,18,0.25,513,24.49
Save-a-lot Markets,187 Suffolk Ln.,Boise,ID,83720,USA,SAVEA,Save-a-lot Markets,187 Suffolk Ln.,Boise,ID,83720,USA,Steven Buchanan,10714,11/22/1995 00:00,12/20/1995 00:00,11/27/1995 00:00,Federal Shipping,58,Escargots de Bourgogne,13.25,12,0.25,119.25,24.49
Save-a-lot Markets,187 Suffolk Ln.,Boise,ID,83720,USA,SAVEA,Save-a-lot Markets,187 Suffolk Ln.,Boise,ID,83720,USA,Laura Callahan,10722,11/29/1995 00:00,01/10/1996 00:00,12/05/1995 00:00,Speedy Express,2,Chang,19,3,0,57,74.58
Save-a-lot Markets,187 Suffolk Ln.,Boise,ID,83720,USA,SAVEA,Save-a-lot Markets,187 Suffolk Ln.,Boise,ID,83720,USA,Laura Callahan,10722,11/29/1995 00:00,01/10/1996 00:00,12/05/1995 00:00,Speedy Express,31,Gorgonzola Telino,12.5,50,0,625,74.58
Save-a-lot Markets,187 Suffolk Ln.,Boise,ID,83720,USA,SAVEA,Save-a-lot Markets,187 Suffolk Ln.,Boise,ID,83720,USA,Laura Callahan,10722,11/29/1995 00:00,01/10/1996 00:00,12/05/1995 00:00,Speedy Express,68,Scottish Longbreads,12.5,45,0,562.5,74.58
Save-a-lot Markets,187 Suffolk Ln.,Boise,ID,83720,USA,SAVEA,Save-a-lot Markets,187 Suffolk Ln.,Boise,ID,83720,USA,Laura Callahan,10722,11/29/1995 00:00,01/10/1996 00:00,12/05/1995 00:00,Speedy Express,75,Rhönbräu Klosterbier,7.75,42,0,325.5,74.58
Save-a-lot Markets,187 Suffolk Ln.,Boise,ID,83720,USA,SAVEA,Save-a-lot Markets,187 Suffolk Ln.,Boise,ID,83720,USA,Janet Leverling,10748,12/21/1995 00:00,01/18/1996 00:00,12/29/1995 00:00,Speedy Express,23,Tunnbröd,9,44,0,396,232.55
Save-a-lot Markets,187 Suffolk Ln.,Boise,ID,83720,USA,SAVEA,Save-a-lot Markets,187 Suffolk Ln.,Boise,ID,83720,USA,Janet Leverling,10748,12/21/1995 00:00,01/18/1996 00:00,12/29/1995 00:00,Speedy Express,40,Boston Crab Meat,18.4,40,0,736,232.55
Save-a-lot Markets,187 Suffolk Ln.,Boise,ID,83720,USA,SAVEA,Save-a-lot Markets,187 Suffolk Ln.,Boise,ID,83720,USA,Janet Leverling,10748,12/21/1995 00:00,01/18/1996 00:00,12/29/1995 00:00,Speedy Express,56,Gnocchi di nonna Alice,38,28,0,1064,232.55
Save-a-lot Markets,187 Suffolk Ln.,Boise,ID,83720,USA,SAVEA,Save-a-lot Markets,187 Suffolk Ln.,Boise,ID,83720,USA,Michael Suyama,10757,12/28/1995 00:00,01/25/1996 00:00,01/15/1996 00:00,Speedy Express,34,Sasquatch Ale,14,30,0,420,8.19
Save-a-lot Markets,187 Suffolk Ln.,Boise,ID,83720,USA,SAVEA,Save-a-lot Markets,187 Suffolk Ln.,Boise,ID,83720,USA,Michael Suyama,10757,12/28/1995 00:00,01/25/1996 00:00,01/15/1996 00:00,Speedy Express,59,Raclette Courdavault,55,7,0,385,8.19
Save-a-lot Markets,187 Suffolk Ln.,Boise,ID,83720,USA,SAVEA,Save-a-lot Markets,187 Suffolk Ln.,Boise,ID,83720,USA,Michael Suyama,10757,12/28/1995 00:00,01/25/1996 00:00,01/15/1996 00:00,Speedy Express,62,Tarte au sucre,49.3,30,0,1479,8.19
Save-a-lot Markets,187 Suffolk Ln.,Boise,ID,83720,USA,SAVEA,Save-a-lot Markets,187 Suffolk Ln.,Boise,ID,83720,USA,Michael Suyama,10757,12/28/1995 00:00,01/25/1996 00:00,01/15/1996 00:00,Speedy Express,64,Wimmers gute Semmelknödel,33.25,24,0,798,8.19
Save-a-lot Markets,187 Suffolk Ln.,Boise,ID,83720,USA,SAVEA,Save-a-lot Markets,187 Suffolk Ln.,Boise,ID,83720,USA,Andrew Fuller,10815,02/05/1996 00:00,03/04/1996 00:00,02/14/1996 00:00,Federal Shipping,33,Geitost,2.5,16,0,40,14.62
Save-a-lot Markets,187 Suffolk Ln.,Boise,ID,83720,USA,SAVEA,Save-a-lot Markets,187 Suffolk Ln.,Boise,ID,83720,USA,Margaret Peacock,10847,02/22/1996 00:00,03/07/1996 00:00,03/12/1996 00:00,Federal Shipping,1,Chai,18,80,0.2,1152,487.57
Save-a-lot Markets,187 Suffolk Ln.,Boise,ID,83720,USA,SAVEA,Save-a-lot Markets,187 Suffolk Ln.,Boise,ID,83720,USA,Margaret Peacock,10847,02/22/1996 00:00,03/07/1996 00:00,03/12/1996 00:00,Federal Shipping,19,Teatime Chocolate Biscuits,9.2,12,0.2,88.32,487.57
Save-a-lot Markets,187 Suffolk Ln.,Boise,ID,83720,USA,SAVEA,Save-a-lot Markets,187 Suffolk Ln.,Boise,ID,83720,USA,Margaret Peacock,10847,02/22/1996 00:00,03/07/1996 00:00,03/12/1996 00:00,Federal Shipping,37,Gravad lax,26,60,0.2,1248,487.57
Save-a-lot Markets,187 Suffolk Ln.,Boise,ID,83720,USA,SAVEA,Save-a-lot Markets,187 Suffolk Ln.,Boise,ID,83720,USA,Margaret Peacock,10847,02/22/1996 00:00,03/07/1996 00:00,03/12/1996 00:00,Federal Shipping,45,Røgede sild,9.5,36,0.2,273.6,487.57
Save-a-lot Markets,187 Suffolk Ln.,Boise,ID,83720,USA,SAVEA,Save-a-lot Markets,187 Suffolk Ln.,Boise,ID,83720,USA,Margaret Peacock,10847,02/22/1996 00:00,03/07/1996 00:00,03/12/1996 00:00,Federal Shipping,60,Camembert Pierrot,34,45,0.2,1224,487.57
Save-a-lot Markets,187 Suffolk Ln.,Boise,ID,83720,USA,SAVEA,Save-a-lot Markets,187 Suffolk Ln.,Boise,ID,83720,USA,Margaret Peacock,10847,02/22/1996 00:00,03/07/1996 00:00,03/12/1996 00:00,Federal Shipping,71,Fløtemysost,21.5,55,0.2,946,487.57
Save-a-lot Markets,187 Suffolk Ln.,Boise,ID,83720,USA,SAVEA,Save-a-lot Markets,187 Suffolk Ln.,Boise,ID,83720,USA,Margaret Peacock,10882,03/13/1996 00:00,04/10/1996 00:00,03/22/1996 00:00,Federal Shipping,42,Singaporean Hokkien Fried Mee,14,25,0,350,23.1
Save-a-lot Markets,187 Suffolk Ln.,Boise,ID,83720,USA,SAVEA,Save-a-lot Markets,187 Suffolk Ln.,Boise,ID,83720,USA,Margaret Peacock,10882,03/13/1996 00:00,04/10/1996 00:00,03/22/1996 00:00,Federal Shipping,49,Maxilaku,20,20,0.15,340,23.1
Save-a-lot Markets,187 Suffolk Ln.,Boise,ID,83720,USA,SAVEA,Save-a-lot Markets,187 Suffolk Ln.,Boise,ID,83720,USA,Margaret Peacock,10882,03/13/1996 00:00,04/10/1996 00:00,03/22/1996 00:00,Federal Shipping,54,Tourtière,7.45,32,0.15,202.64,23.1
Save-a-lot Markets,187 Suffolk Ln.,Boise,ID,83720,USA,SAVEA,Save-a-lot Markets,187 Suffolk Ln.,Boise,ID,83720,USA,Nancy Davolio,10894,03/20/1996 00:00,04/17/1996 00:00,03/22/1996 00:00,Speedy Express,13,Konbu,6,28,0.05,159.6,116.13
Save-a-lot Markets,187 Suffolk Ln.,Boise,ID,83720,USA,SAVEA,Save-a-lot Markets,187 Suffolk Ln.,Boise,ID,83720,USA,Nancy Davolio,10894,03/20/1996 00:00,04/17/1996 00:00,03/22/1996 00:00,Speedy Express,69,Gudbrandsdalsost,36,50,0.05,1710,116.13
Save-a-lot Markets,187 Suffolk Ln.,Boise,ID,83720,USA,SAVEA,Save-a-lot Markets,187 Suffolk Ln.,Boise,ID,83720,USA,Nancy Davolio,10894,03/20/1996 00:00,04/17/1996 00:00,03/22/1996 00:00,Speedy Express,75,Rhönbräu Klosterbier,7.75,120,0.05,883.5,116.13
Save-a-lot Markets,187 Suffolk Ln.,Boise,ID,83720,USA,SAVEA,Save-a-lot Markets,187 Suffolk Ln.,Boise,ID,83720,USA,Robert King,10941,04/10/1996 00:00,05/08/1996 00:00,04/19/1996 00:00,United Package,31,Gorgonzola Telino,12.5,44,0.25,412.5,400.81
Save-a-lot Markets,187 Suffolk Ln.,Boise,ID,83720,USA,SAVEA,Save-a-lot Markets,187 Suffolk Ln.,Boise,ID,83720,USA,Robert King,10941,04/10/1996 00:00,05/08/1996 00:00,04/19/1996 00:00,United Package,62,Tarte au sucre,49.3,30,0.25,1109.25,400.81
Save-a-lot Markets,187 Suffolk Ln.,Boise,ID,83720,USA,SAVEA,Save-a-lot Markets,187 Suffolk Ln.,Boise,ID,83720,USA,Robert King,10941,04/10/1996 00:00,05/08/1996 00:00,04/19/1996 00:00,United Package,68,Scottish Longbreads,12.5,80,0.25,750,400.81
Save-a-lot Markets,187 Suffolk Ln.,Boise,ID,83720,USA,SAVEA,Save-a-lot Markets,187 Suffolk Ln.,Boise,ID,83720,USA,Robert King,10941,04/10/1996 00:00,05/08/1996 00:00,04/19/1996 00:00,United Package,72,Mozzarella di Giovanni,34.8,50,0,1740,400.81
Save-a-lot Markets,187 Suffolk Ln.,Boise,ID,83720,USA,SAVEA,Save-a-lot Markets,187 Suffolk Ln.,Boise,ID,83720,USA,Andrew Fuller,10983,04/26/1996 00:00,05/24/1996 00:00,05/06/1996 00:00,United Package,13,Konbu,6,84,0.15,428.4,657.54
Save-a-lot Markets,187 Suffolk Ln.,Boise,ID,83720,USA,SAVEA,Save-a-lot Markets,187 Suffolk Ln.,Boise,ID,83720,USA,Andrew Fuller,10983,04/26/1996 00:00,05/24/1996 00:00,05/06/1996 00:00,United Package,57,Ravioli Angelo,19.5,15,0,292.5,657.54
Save-a-lot Markets,187 Suffolk Ln.,Boise,ID,83720,USA,SAVEA,Save-a-lot Markets,187 Suffolk Ln.,Boise,ID,83720,USA,Nancy Davolio,10984,04/29/1996 00:00,05/27/1996 00:00,05/03/1996 00:00,Federal Shipping,16,Pavlova,17.45,55,0,959.75,211.22
Save-a-lot Markets,187 Suffolk Ln.,Boise,ID,83720,USA,SAVEA,Save-a-lot Markets,187 Suffolk Ln.,Boise,ID,83720,USA,Nancy Davolio,10984,04/29/1996 00:00,05/27/1996 00:00,05/03/1996 00:00,Federal Shipping,24,Guaraná Fantástica,4.5,20,0,90,211.22
Save-a-lot Markets,187 Suffolk Ln.,Boise,ID,83720,USA,SAVEA,Save-a-lot Markets,187 Suffolk Ln.,Boise,ID,83720,USA,Nancy Davolio,10984,04/29/1996 00:00,05/27/1996 00:00,05/03/1996 00:00,Federal Shipping,36,Inlagd Sill,19,40,0,760,211.22
Save-a-lot Markets,187 Suffolk Ln.,Boise,ID,83720,USA,SAVEA,Save-a-lot Markets,187 Suffolk Ln.,Boise,ID,83720,USA,Margaret Peacock,11002,05/06/1996 00:00,06/03/1996 00:00,05/16/1996 00:00,Speedy Express,13,Konbu,6,56,0,336,141.16
Save-a-lot Markets,187 Suffolk Ln.,Boise,ID,83720,USA,SAVEA,Save-a-lot Markets,187 Suffolk Ln.,Boise,ID,83720,USA,Margaret Peacock,11002,05/06/1996 00:00,06/03/1996 00:00,05/16/1996 00:00,Speedy Express,35,Steeleye Stout,18,15,0.15,229.5,141.16
Save-a-lot Markets,187 Suffolk Ln.,Boise,ID,83720,USA,SAVEA,Save-a-lot Markets,187 Suffolk Ln.,Boise,ID,83720,USA,Margaret Peacock,11002,05/06/1996 00:00,06/03/1996 00:00,05/16/1996 00:00,Speedy Express,42,Singaporean Hokkien Fried Mee,14,24,0.15,285.6,141.16
Save-a-lot Markets,187 Suffolk Ln.,Boise,ID,83720,USA,SAVEA,Save-a-lot Markets,187 Suffolk Ln.,Boise,ID,83720,USA,Margaret Peacock,11002,05/06/1996 00:00,06/03/1996 00:00,05/16/1996 00:00,Speedy Express,55,Pâté chinois,24,40,0,960,141.16
Save-a-lot Markets,187 Suffolk Ln.,Boise,ID,83720,USA,SAVEA,Save-a-lot Markets,187 Suffolk Ln.,Boise,ID,83720,USA,Robert King,11030,05/17/1996 00:00,06/14/1996 00:00,05/27/1996 00:00,United Package,2,Chang,19,100,0.25,1425,830.75
Save-a-lot Markets,187 Suffolk Ln.,Boise,ID,83720,USA,SAVEA,Save-a-lot Markets,187 Suffolk Ln.,Boise,ID,83720,USA,Robert King,11030,05/17/1996 00:00,06/14/1996 00:00,05/27/1996 00:00,United Package,5,Chef Anton's Gumbo Mix,21.35,70,0,1494.5,830.75
Save-a-lot Markets,187 Suffolk Ln.,Boise,ID,83720,USA,SAVEA,Save-a-lot Markets,187 Suffolk Ln.,Boise,ID,83720,USA,Robert King,11030,05/17/1996 00:00,06/14/1996 00:00,05/27/1996 00:00,United Package,29,Thüringer Rostbratwurst,123.79,60,0.25,5570.55,830.75
Save-a-lot Markets,187 Suffolk Ln.,Boise,ID,83720,USA,SAVEA,Save-a-lot Markets,187 Suffolk Ln.,Boise,ID,83720,USA,Robert King,11030,05/17/1996 00:00,06/14/1996 00:00,05/27/1996 00:00,United Package,59,Raclette Courdavault,55,100,0.25,4125,830.75
Save-a-lot Markets,187 Suffolk Ln.,Boise,ID,83720,USA,SAVEA,Save-a-lot Markets,187 Suffolk Ln.,Boise,ID,83720,USA,Michael Suyama,11031,05/17/1996 00:00,06/14/1996 00:00,05/24/1996 00:00,United Package,1,Chai,18,45,0,810,227.22
Save-a-lot Markets,187 Suffolk Ln.,Boise,ID,83720,USA,SAVEA,Save-a-lot Markets,187 Suffolk Ln.,Boise,ID,83720,USA,Michael Suyama,11031,05/17/1996 00:00,06/14/1996 00:00,05/24/1996 00:00,United Package,13,Konbu,6,80,0,480,227.22
Save-a-lot Markets,187 Suffolk Ln.,Boise,ID,83720,USA,SAVEA,Save-a-lot Markets,187 Suffolk Ln.,Boise,ID,83720,USA,Michael Suyama,11031,05/17/1996 00:00,06/14/1996 00:00,05/24/1996 00:00,United Package,24,Guaraná Fantástica,4.5,21,0,94.5,227.22
Save-a-lot Markets,187 Suffolk Ln.,Boise,ID,83720,USA,SAVEA,Save-a-lot Markets,187 Suffolk Ln.,Boise,ID,83720,USA,Michael Suyama,11031,05/17/1996 00:00,06/14/1996 00:00,05/24/1996 00:00,United Package,64,Wimmers gute Semmelknödel,33.25,20,0,665,227.22
Save-a-lot Markets,187 Suffolk Ln.,Boise,ID,83720,USA,SAVEA,Save-a-lot Markets,187 Suffolk Ln.,Boise,ID,83720,USA,Michael Suyama,11031,05/17/1996 00:00,06/14/1996 00:00,05/24/1996 00:00,United Package,71,Fløtemysost,21.5,16,0,344,227.22
Save-a-lot Markets,187 Suffolk Ln.,Boise,ID,83720,USA,SAVEA,Save-a-lot Markets,187 Suffolk Ln.,Boise,ID,83720,USA,Nancy Davolio,11064,05/31/1996 00:00,06/28/1996 00:00,06/03/1996 00:00,Speedy Express,17,Alice Mutton,39,77,0.1,2702.7,30.09
Save-a-lot Markets,187 Suffolk Ln.,Boise,ID,83720,USA,SAVEA,Save-a-lot Markets,187 Suffolk Ln.,Boise,ID,83720,USA,Nancy Davolio,11064,05/31/1996 00:00,06/28/1996 00:00,06/03/1996 00:00,Speedy Express,41,Jack's New England Clam Chowder,9.65,12,0,115.8,30.09
Save-a-lot Markets,187 Suffolk Ln.,Boise,ID,83720,USA,SAVEA,Save-a-lot Markets,187 Suffolk Ln.,Boise,ID,83720,USA,Nancy Davolio,11064,05/31/1996 00:00,06/28/1996 00:00,06/03/1996 00:00,Speedy Express,53,Perth Pasties,32.8,25,0.1,738,30.09
Save-a-lot Markets,187 Suffolk Ln.,Boise,ID,83720,USA,SAVEA,Save-a-lot Markets,187 Suffolk Ln.,Boise,ID,83720,USA,Nancy Davolio,11064,05/31/1996 00:00,06/28/1996 00:00,06/03/1996 00:00,Speedy Express,55,Pâté chinois,24,4,0.1,86.4,30.09
Save-a-lot Markets,187 Suffolk Ln.,Boise,ID,83720,USA,SAVEA,Save-a-lot Markets,187 Suffolk Ln.,Boise,ID,83720,USA,Nancy Davolio,11064,05/31/1996 00:00,06/28/1996 00:00,06/03/1996 00:00,Speedy Express,68,Scottish Longbreads,12.5,55,0,687.5,30.09
Split Rail Beer & Ale,P.O. Box 555,Lander,WY,82520,USA,SPLIR,Split Rail Beer & Ale,P.O. Box 555,Lander,WY,82520,USA,Michael Suyama,10271,09/01/1994 00:00,09/29/1994 00:00,09/30/1994 00:00,United Package,33,Geitost,2,24,0,48,4.54
Split Rail Beer & Ale,P.O. Box 555,Lander,WY,82520,USA,SPLIR,Split Rail Beer & Ale,P.O. Box 555,Lander,WY,82520,USA,Margaret Peacock,10329,11/15/1994 00:00,12/27/1994 00:00,11/23/1994 00:00,United Package,19,Teatime Chocolate Biscuits,7.3,10,0.05,69.35,191.67
Split Rail Beer & Ale,P.O. Box 555,Lander,WY,82520,USA,SPLIR,Split Rail Beer & Ale,P.O. Box 555,Lander,WY,82520,USA,Margaret Peacock,10329,11/15/1994 00:00,12/27/1994 00:00,11/23/1994 00:00,United Package,30,Nord-Ost Matjeshering,20.7,8,0.05,157.32,191.67
Split Rail Beer & Ale,P.O. Box 555,Lander,WY,82520,USA,SPLIR,Split Rail Beer & Ale,P.O. Box 555,Lander,WY,82520,USA,Margaret Peacock,10329,11/15/1994 00:00,12/27/1994 00:00,11/23/1994 00:00,United Package,38,Côte de Blaye,210.8,20,0.05,4005.2,191.67
Split Rail Beer & Ale,P.O. Box 555,Lander,WY,82520,USA,SPLIR,Split Rail Beer & Ale,P.O. Box 555,Lander,WY,82520,USA,Margaret Peacock,10329,11/15/1994 00:00,12/27/1994 00:00,11/23/1994 00:00,United Package,56,Gnocchi di nonna Alice,30.4,12,0.05,346.56,191.67
Split Rail Beer & Ale,P.O. Box 555,Lander,WY,82520,USA,SPLIR,Split Rail Beer & Ale,P.O. Box 555,Lander,WY,82520,USA,Robert King,10349,12/09/1994 00:00,01/06/1995 00:00,12/16/1994 00:00,Speedy Express,54,Tourtière,5.9,24,0,141.6,8.63
Split Rail Beer & Ale,P.O. Box 555,Lander,WY,82520,USA,SPLIR,Split Rail Beer & Ale,P.O. Box 555,Lander,WY,82520,USA,Laura Callahan,10369,01/02/1995 00:00,01/30/1995 00:00,01/09/1995 00:00,United Package,29,Thüringer Rostbratwurst,99,20,0,1980,195.68
Split Rail Beer & Ale,P.O. Box 555,Lander,WY,82520,USA,SPLIR,Split Rail Beer & Ale,P.O. Box 555,Lander,WY,82520,USA,Laura Callahan,10369,01/02/1995 00:00,01/30/1995 00:00,01/09/1995 00:00,United Package,56,Gnocchi di nonna Alice,30.4,18,0.25,410.4,195.68
Split Rail Beer & Ale,P.O. Box 555,Lander,WY,82520,USA,SPLIR,Split Rail Beer & Ale,P.O. Box 555,Lander,WY,82520,USA,Nancy Davolio,10385,01/17/1995 00:00,02/14/1995 00:00,01/23/1995 00:00,United Package,7,Uncle Bob's Organic Dried Pears,24,10,0.2,192,30.96
Split Rail Beer & Ale,P.O. Box 555,Lander,WY,82520,USA,SPLIR,Split Rail Beer & Ale,P.O. Box 555,Lander,WY,82520,USA,Nancy Davolio,10385,01/17/1995 00:00,02/14/1995 00:00,01/23/1995 00:00,United Package,60,Camembert Pierrot,27.2,20,0.2,435.2,30.96
Split Rail Beer & Ale,P.O. Box 555,Lander,WY,82520,USA,SPLIR,Split Rail Beer & Ale,P.O. Box 555,Lander,WY,82520,USA,Nancy Davolio,10385,01/17/1995 00:00,02/14/1995 00:00,01/23/1995 00:00,United Package,68,Scottish Longbreads,10,8,0.2,64,30.96
Split Rail Beer & Ale,P.O. Box 555,Lander,WY,82520,USA,SPLIR,Split Rail Beer & Ale,P.O. Box 555,Lander,WY,82520,USA,Janet Leverling,10432,03/03/1995 00:00,03/17/1995 00:00,03/10/1995 00:00,United Package,26,Gumbär Gummibärchen,24.9,10,0,249,4.34
Split Rail Beer & Ale,P.O. Box 555,Lander,WY,82520,USA,SPLIR,Split Rail Beer & Ale,P.O. Box 555,Lander,WY,82520,USA,Janet Leverling,10432,03/03/1995 00:00,03/17/1995 00:00,03/10/1995 00:00,United Package,54,Tourtière,5.9,40,0,236,4.34
Split Rail Beer & Ale,P.O. Box 555,Lander,WY,82520,USA,SPLIR,Split Rail Beer & Ale,P.O. Box 555,Lander,WY,82520,USA,Laura Callahan,10756,12/28/1995 00:00,01/25/1996 00:00,01/02/1996 00:00,United Package,18,Carnarvon Tigers,62.5,21,0.2,1050,73.21
Split Rail Beer & Ale,P.O. Box 555,Lander,WY,82520,USA,SPLIR,Split Rail Beer & Ale,P.O. Box 555,Lander,WY,82520,USA,Laura Callahan,10756,12/28/1995 00:00,01/25/1996 00:00,01/02/1996 00:00,United Package,36,Inlagd Sill,19,20,0.2,304,73.21
Split Rail Beer & Ale,P.O. Box 555,Lander,WY,82520,USA,SPLIR,Split Rail Beer & Ale,P.O. Box 555,Lander,WY,82520,USA,Laura Callahan,10756,12/28/1995 00:00,01/25/1996 00:00,01/02/1996 00:00,United Package,68,Scottish Longbreads,12.5,6,0.2,60,73.21
Split Rail Beer & Ale,P.O. Box 555,Lander,WY,82520,USA,SPLIR,Split Rail Beer & Ale,P.O. Box 555,Lander,WY,82520,USA,Laura Callahan,10756,12/28/1995 00:00,01/25/1996 00:00,01/02/1996 00:00,United Package,69,Gudbrandsdalsost,36,20,0.2,576,73.21
Split Rail Beer & Ale,P.O. Box 555,Lander,WY,82520,USA,SPLIR,Split Rail Beer & Ale,P.O. Box 555,Lander,WY,82520,USA,Nancy Davolio,10821,02/08/1996 00:00,03/07/1996 00:00,02/15/1996 00:00,Speedy Express,35,Steeleye Stout,18,20,0,360,36.68
Split Rail Beer & Ale,P.O. Box 555,Lander,WY,82520,USA,SPLIR,Split Rail Beer & Ale,P.O. Box 555,Lander,WY,82520,USA,Nancy Davolio,10821,02/08/1996 00:00,03/07/1996 00:00,02/15/1996 00:00,Speedy Express,51,Manjimup Dried Apples,53,6,0,318,36.68
Split Rail Beer & Ale,P.O. Box 555,Lander,WY,82520,USA,SPLIR,Split Rail Beer & Ale,P.O. Box 555,Lander,WY,82520,USA,Janet Leverling,10974,04/24/1996 00:00,05/08/1996 00:00,05/03/1996 00:00,Federal Shipping,63,Vegie-spread,43.9,10,0,439,12.96
The Big Cheese,"89 Jefferson Way Suite 2",Portland,OR,97201,USA,THEBI,The Big Cheese,"89 Jefferson Way Suite 2",Portland,OR,97201,USA,Laura Callahan,10310,10/21/1994 00:00,11/18/1994 00:00,10/28/1994 00:00,United Package,16,Pavlova,13.9,10,0,139,17.52
The Big Cheese,"89 Jefferson Way Suite 2",Portland,OR,97201,USA,THEBI,The Big Cheese,"89 Jefferson Way Suite 2",Portland,OR,97201,USA,Laura Callahan,10310,10/21/1994 00:00,11/18/1994 00:00,10/28/1994 00:00,United Package,62,Tarte au sucre,39.4,5,0,197,17.52
The Big Cheese,"89 Jefferson Way Suite 2",Portland,OR,97201,USA,THEBI,The Big Cheese,"89 Jefferson Way Suite 2",Portland,OR,97201,USA,Michael Suyama,10708,11/17/1995 00:00,12/29/1995 00:00,12/06/1995 00:00,United Package,5,Chef Anton's Gumbo Mix,21.35,4,0,85.4,2.96
The Big Cheese,"89 Jefferson Way Suite 2",Portland,OR,97201,USA,THEBI,The Big Cheese,"89 Jefferson Way Suite 2",Portland,OR,97201,USA,Michael Suyama,10708,11/17/1995 00:00,12/29/1995 00:00,12/06/1995 00:00,United Package,36,Inlagd Sill,19,5,0,95,2.96
The Big Cheese,"89 Jefferson Way Suite 2",Portland,OR,97201,USA,THEBI,The Big Cheese,"89 Jefferson Way Suite 2",Portland,OR,97201,USA,Andrew Fuller,10805,01/30/1996 00:00,02/27/1996 00:00,02/09/1996 00:00,Federal Shipping,34,Sasquatch Ale,14,10,0,140,237.34
The Big Cheese,"89 Jefferson Way Suite 2",Portland,OR,97201,USA,THEBI,The Big Cheese,"89 Jefferson Way Suite 2",Portland,OR,97201,USA,Andrew Fuller,10805,01/30/1996 00:00,02/27/1996 00:00,02/09/1996 00:00,Federal Shipping,38,Côte de Blaye,263.5,10,0,2635,237.34
The Big Cheese,"89 Jefferson Way Suite 2",Portland,OR,97201,USA,THEBI,The Big Cheese,"89 Jefferson Way Suite 2",Portland,OR,97201,USA,Nancy Davolio,10992,05/01/1996 00:00,05/29/1996 00:00,05/03/1996 00:00,Federal Shipping,72,Mozzarella di Giovanni,34.8,2,0,69.6,4.27
The Cracker Box,55 Grizzly Peak Rd.,Butte,MT,59801,USA,THECR,The Cracker Box,55 Grizzly Peak Rd.,Butte,MT,59801,USA,Margaret Peacock,10624,09/07/1995 00:00,10/05/1995 00:00,09/19/1995 00:00,United Package,28,Rössle Sauerkraut,45.6,10,0,456,94.8
The Cracker Box,55 Grizzly Peak Rd.,Butte,MT,59801,USA,THECR,The Cracker Box,55 Grizzly Peak Rd.,Butte,MT,59801,USA,Margaret Peacock,10624,09/07/1995 00:00,10/05/1995 00:00,09/19/1995 00:00,United Package,29,Thüringer Rostbratwurst,123.79,6,0,742.74,94.8
The Cracker Box,55 Grizzly Peak Rd.,Butte,MT,59801,USA,THECR,The Cracker Box,55 Grizzly Peak Rd.,Butte,MT,59801,USA,Margaret Peacock,10624,09/07/1995 00:00,10/05/1995 00:00,09/19/1995 00:00,United Package,44,Gula Malacca,19.45,10,0,194.5,94.8
The Cracker Box,55 Grizzly Peak Rd.,Butte,MT,59801,USA,THECR,The Cracker Box,55 Grizzly Peak Rd.,Butte,MT,59801,USA,Robert King,10775,01/12/1996 00:00,02/09/1996 00:00,01/26/1996 00:00,Speedy Express,10,Ikura,31,6,0,186,20.25
The Cracker Box,55 Grizzly Peak Rd.,Butte,MT,59801,USA,THECR,The Cracker Box,55 Grizzly Peak Rd.,Butte,MT,59801,USA,Robert King,10775,01/12/1996 00:00,02/09/1996 00:00,01/26/1996 00:00,Speedy Express,67,Laughing Lumberjack Lager,14,3,0,42,20.25
The Cracker Box,55 Grizzly Peak Rd.,Butte,MT,59801,USA,THECR,The Cracker Box,55 Grizzly Peak Rd.,Butte,MT,59801,USA,Janet Leverling,11003,05/06/1996 00:00,06/03/1996 00:00,05/08/1996 00:00,Federal Shipping,1,Chai,18,4,0,72,14.91
The Cracker Box,55 Grizzly Peak Rd.,Butte,MT,59801,USA,THECR,The Cracker Box,55 Grizzly Peak Rd.,Butte,MT,59801,USA,Janet Leverling,11003,05/06/1996 00:00,06/03/1996 00:00,05/08/1996 00:00,Federal Shipping,40,Boston Crab Meat,18.4,10,0,184,14.91
The Cracker Box,55 Grizzly Peak Rd.,Butte,MT,59801,USA,THECR,The Cracker Box,55 Grizzly Peak Rd.,Butte,MT,59801,USA,Janet Leverling,11003,05/06/1996 00:00,06/03/1996 00:00,05/08/1996 00:00,Federal Shipping,52,Filo Mix,7,10,0,70,14.91
Trail's Head Gourmet Provisioners,722 DaVinci Blvd.,Kirkland,WA,98034,USA,TRAIH,Trail's Head Gourmet Provisioners,722 DaVinci Blvd.,Kirkland,WA,98034,USA,Margaret Peacock,10574,07/20/1995 00:00,08/17/1995 00:00,07/31/1995 00:00,United Package,33,Geitost,2.5,14,0,35,37.6
Trail's Head Gourmet Provisioners,722 DaVinci Blvd.,Kirkland,WA,98034,USA,TRAIH,Trail's Head Gourmet Provisioners,722 DaVinci Blvd.,Kirkland,WA,98034,USA,Margaret Peacock,10574,07/20/1995 00:00,08/17/1995 00:00,07/31/1995 00:00,United Package,40,Boston Crab Meat,18.4,2,0,36.8,37.6
Trail's Head Gourmet Provisioners,722 DaVinci Blvd.,Kirkland,WA,98034,USA,TRAIH,Trail's Head Gourmet Provisioners,722 DaVinci Blvd.,Kirkland,WA,98034,USA,Margaret Peacock,10574,07/20/1995 00:00,08/17/1995 00:00,07/31/1995 00:00,United Package,62,Tarte au sucre,49.3,10,0,493,37.6
Trail's Head Gourmet Provisioners,722 DaVinci Blvd.,Kirkland,WA,98034,USA,TRAIH,Trail's Head Gourmet Provisioners,722 DaVinci Blvd.,Kirkland,WA,98034,USA,Margaret Peacock,10574,07/20/1995 00:00,08/17/1995 00:00,07/31/1995 00:00,United Package,64,Wimmers gute Semmelknödel,33.25,6,0,199.5,37.6
Trail's Head Gourmet Provisioners,722 DaVinci Blvd.,Kirkland,WA,98034,USA,TRAIH,Trail's Head Gourmet Provisioners,722 DaVinci Blvd.,Kirkland,WA,98034,USA,Anne Dodsworth,10577,07/24/1995 00:00,09/04/1995 00:00,07/31/1995 00:00,United Package,39,Chartreuse verte,18,10,0,180,25.41
Trail's Head Gourmet Provisioners,722 DaVinci Blvd.,Kirkland,WA,98034,USA,TRAIH,Trail's Head Gourmet Provisioners,722 DaVinci Blvd.,Kirkland,WA,98034,USA,Anne Dodsworth,10577,07/24/1995 00:00,09/04/1995 00:00,07/31/1995 00:00,United Package,75,Rhönbräu Klosterbier,7.75,20,0,155,25.41
Trail's Head Gourmet Provisioners,722 DaVinci Blvd.,Kirkland,WA,98034,USA,TRAIH,Trail's Head Gourmet Provisioners,722 DaVinci Blvd.,Kirkland,WA,98034,USA,Anne Dodsworth,10577,07/24/1995 00:00,09/04/1995 00:00,07/31/1995 00:00,United Package,77,Original Frankfurter grüne Soße,13,18,0,234,25.41
Trail's Head Gourmet Provisioners,722 DaVinci Blvd.,Kirkland,WA,98034,USA,TRAIH,Trail's Head Gourmet Provisioners,722 DaVinci Blvd.,Kirkland,WA,98034,USA,Michael Suyama,10822,02/08/1996 00:00,03/07/1996 00:00,02/16/1996 00:00,Federal Shipping,62,Tarte au sucre,49.3,3,0,147.9,7
Trail's Head Gourmet Provisioners,722 DaVinci Blvd.,Kirkland,WA,98034,USA,TRAIH,Trail's Head Gourmet Provisioners,722 DaVinci Blvd.,Kirkland,WA,98034,USA,Michael Suyama,10822,02/08/1996 00:00,03/07/1996 00:00,02/16/1996 00:00,Federal Shipping,70,Outback Lager,15,6,0,90,7
White Clover Markets,1029 - 12th Ave. S.,Seattle,WA,98124,USA,WHITC,White Clover Markets,"305 - 14th Ave. S. Suite 3B",Seattle,WA,98128,USA,Margaret Peacock,10344,12/02/1994 00:00,12/30/1994 00:00,12/06/1994 00:00,United Package,4,Chef Anton's Cajun Seasoning,17.6,35,0,616,23.29
White Clover Markets,1029 - 12th Ave. S.,Seattle,WA,98124,USA,WHITC,White Clover Markets,"305 - 14th Ave. S. Suite 3B",Seattle,WA,98128,USA,Margaret Peacock,10344,12/02/1994 00:00,12/30/1994 00:00,12/06/1994 00:00,United Package,8,Northwoods Cranberry Sauce,32,70,0.25,1680,23.29
White Clover Markets,1029 - 12th Ave. S.,Seattle,WA,98124,USA,WHITC,White Clover Markets,"305 - 14th Ave. S. Suite 3B",Seattle,WA,98128,USA,Steven Buchanan,10269,08/31/1994 00:00,09/14/1994 00:00,09/09/1994 00:00,Speedy Express,33,Geitost,2,60,0.05,114,4.56
White Clover Markets,1029 - 12th Ave. S.,Seattle,WA,98124,USA,WHITC,White Clover Markets,"305 - 14th Ave. S. Suite 3B",Seattle,WA,98128,USA,Steven Buchanan,10269,08/31/1994 00:00,09/14/1994 00:00,09/09/1994 00:00,Speedy Express,72,Mozzarella di Giovanni,27.8,20,0.05,528.2,4.56
White Clover Markets,1029 - 12th Ave. S.,Seattle,WA,98124,USA,WHITC,White Clover Markets,"305 - 14th Ave. S. Suite 3B",Seattle,WA,98128,USA,Nancy Davolio,10469,04/10/1995 00:00,05/08/1995 00:00,04/14/1995 00:00,Speedy Express,2,Chang,15.2,40,0.15,516.8,60.18
White Clover Markets,1029 - 12th Ave. S.,Seattle,WA,98124,USA,WHITC,White Clover Markets,"305 - 14th Ave. S. Suite 3B",Seattle,WA,98128,USA,Nancy Davolio,10469,04/10/1995 00:00,05/08/1995 00:00,04/14/1995 00:00,Speedy Express,16,Pavlova,13.9,35,0.15,413.52,60.18
White Clover Markets,1029 - 12th Ave. S.,Seattle,WA,98124,USA,WHITC,White Clover Markets,"305 - 14th Ave. S. Suite 3B",Seattle,WA,98128,USA,Nancy Davolio,10469,04/10/1995 00:00,05/08/1995 00:00,04/14/1995 00:00,Speedy Express,44,Gula Malacca,15.5,2,0.15,26.35,60.18
White Clover Markets,1029 - 12th Ave. S.,Seattle,WA,98124,USA,WHITC,White Clover Markets,"305 - 14th Ave. S. Suite 3B",Seattle,WA,98128,USA,Robert King,10483,04/24/1995 00:00,05/22/1995 00:00,05/26/1995 00:00,United Package,34,Sasquatch Ale,11.2,35,0.05,372.4,15.28
White Clover Markets,1029 - 12th Ave. S.,Seattle,WA,98124,USA,WHITC,White Clover Markets,"305 - 14th Ave. S. Suite 3B",Seattle,WA,98128,USA,Robert King,10483,04/24/1995 00:00,05/22/1995 00:00,05/26/1995 00:00,United Package,77,Original Frankfurter grüne Soße,10.4,30,0.05,296.4,15.28
White Clover Markets,1029 - 12th Ave. S.,Seattle,WA,98124,USA,WHITC,White Clover Markets,"305 - 14th Ave. S. Suite 3B",Seattle,WA,98128,USA,Margaret Peacock,10504,05/12/1995 00:00,06/09/1995 00:00,05/19/1995 00:00,Federal Shipping,2,Chang,19,12,0,228,59.13
White Clover Markets,1029 - 12th Ave. S.,Seattle,WA,98124,USA,WHITC,White Clover Markets,"305 - 14th Ave. S. Suite 3B",Seattle,WA,98128,USA,Margaret Peacock,10504,05/12/1995 00:00,06/09/1995 00:00,05/19/1995 00:00,Federal Shipping,21,Sir Rodney's Scones,10,12,0,120,59.13
White Clover Markets,1029 - 12th Ave. S.,Seattle,WA,98124,USA,WHITC,White Clover Markets,"305 - 14th Ave. S. Suite 3B",Seattle,WA,98128,USA,Margaret Peacock,10504,05/12/1995 00:00,06/09/1995 00:00,05/19/1995 00:00,Federal Shipping,53,Perth Pasties,32.8,10,0,328,59.13
White Clover Markets,1029 - 12th Ave. S.,Seattle,WA,98124,USA,WHITC,White Clover Markets,"305 - 14th Ave. S. Suite 3B",Seattle,WA,98128,USA,Margaret Peacock,10504,05/12/1995 00:00,06/09/1995 00:00,05/19/1995 00:00,Federal Shipping,61,Sirop d'érable,28.5,25,0,712.5,59.13
White Clover Markets,1029 - 12th Ave. S.,Seattle,WA,98124,USA,WHITC,White Clover Markets,"305 - 14th Ave. S. Suite 3B",Seattle,WA,98128,USA,Laura Callahan,10596,08/11/1995 00:00,09/08/1995 00:00,09/12/1995 00:00,Speedy Express,56,Gnocchi di nonna Alice,38,5,0.2,152,16.34
White Clover Markets,1029 - 12th Ave. S.,Seattle,WA,98124,USA,WHITC,White Clover Markets,"305 - 14th Ave. S. Suite 3B",Seattle,WA,98128,USA,Laura Callahan,10596,08/11/1995 00:00,09/08/1995 00:00,09/12/1995 00:00,Speedy Express,63,Vegie-spread,43.9,24,0.2,842.88,16.34
White Clover Markets,1029 - 12th Ave. S.,Seattle,WA,98124,USA,WHITC,White Clover Markets,"305 - 14th Ave. S. Suite 3B",Seattle,WA,98128,USA,Laura Callahan,10596,08/11/1995 00:00,09/08/1995 00:00,09/12/1995 00:00,Speedy Express,75,Rhönbräu Klosterbier,7.75,30,0.2,186,16.34
White Clover Markets,1029 - 12th Ave. S.,Seattle,WA,98124,USA,WHITC,White Clover Markets,"305 - 14th Ave. S. Suite 3B",Seattle,WA,98128,USA,Janet Leverling,10693,11/06/1995 00:00,11/20/1995 00:00,11/10/1995 00:00,Federal Shipping,9,Mishi Kobe Niku,97,6,0,582,139.34
White Clover Markets,1029 - 12th Ave. S.,Seattle,WA,98124,USA,WHITC,White Clover Markets,"305 - 14th Ave. S. Suite 3B",Seattle,WA,98128,USA,Janet Leverling,10693,11/06/1995 00:00,11/20/1995 00:00,11/10/1995 00:00,Federal Shipping,54,Tourtière,7.45,60,0.15,379.95,139.34
White Clover Markets,1029 - 12th Ave. S.,Seattle,WA,98124,USA,WHITC,White Clover Markets,"305 - 14th Ave. S. Suite 3B",Seattle,WA,98128,USA,Janet Leverling,10693,11/06/1995 00:00,11/20/1995 00:00,11/10/1995 00:00,Federal Shipping,69,Gudbrandsdalsost,36,30,0.15,918,139.34
White Clover Markets,1029 - 12th Ave. S.,Seattle,WA,98124,USA,WHITC,White Clover Markets,"305 - 14th Ave. S. Suite 3B",Seattle,WA,98128,USA,Janet Leverling,10693,11/06/1995 00:00,11/20/1995 00:00,11/10/1995 00:00,Federal Shipping,73,Röd Kaviar,15,15,0.15,191.25,139.34
White Clover Markets,1029 - 12th Ave. S.,Seattle,WA,98124,USA,WHITC,White Clover Markets,"305 - 14th Ave. S. Suite 3B",Seattle,WA,98128,USA,Laura Callahan,10696,11/08/1995 00:00,12/20/1995 00:00,11/14/1995 00:00,Federal Shipping,17,Alice Mutton,39,20,0,780,102.55
White Clover Markets,1029 - 12th Ave. S.,Seattle,WA,98124,USA,WHITC,White Clover Markets,"305 - 14th Ave. S. Suite 3B",Seattle,WA,98128,USA,Laura Callahan,10696,11/08/1995 00:00,12/20/1995 00:00,11/14/1995 00:00,Federal Shipping,46,Spegesild,12,18,0,216,102.55
White Clover Markets,1029 - 12th Ave. S.,Seattle,WA,98124,USA,WHITC,White Clover Markets,"305 - 14th Ave. S. Suite 3B",Seattle,WA,98128,USA,Janet Leverling,10723,11/30/1995 00:00,12/28/1995 00:00,12/26/1995 00:00,Speedy Express,26,Gumbär Gummibärchen,31.23,15,0,468.45,21.72
White Clover Markets,1029 - 12th Ave. S.,Seattle,WA,98124,USA,WHITC,White Clover Markets,"305 - 14th Ave. S. Suite 3B",Seattle,WA,98128,USA,Margaret Peacock,10740,12/14/1995 00:00,01/11/1996 00:00,12/26/1995 00:00,United Package,28,Rössle Sauerkraut,45.6,5,0.2,182.4,81.88
White Clover Markets,1029 - 12th Ave. S.,Seattle,WA,98124,USA,WHITC,White Clover Markets,"305 - 14th Ave. S. Suite 3B",Seattle,WA,98128,USA,Margaret Peacock,10740,12/14/1995 00:00,01/11/1996 00:00,12/26/1995 00:00,United Package,35,Steeleye Stout,18,35,0.2,504,81.88
White Clover Markets,1029 - 12th Ave. S.,Seattle,WA,98124,USA,WHITC,White Clover Markets,"305 - 14th Ave. S. Suite 3B",Seattle,WA,98128,USA,Margaret Peacock,10740,12/14/1995 00:00,01/11/1996 00:00,12/26/1995 00:00,United Package,45,Røgede sild,9.5,40,0.2,304,81.88
White Clover Markets,1029 - 12th Ave. S.,Seattle,WA,98124,USA,WHITC,White Clover Markets,"305 - 14th Ave. S. Suite 3B",Seattle,WA,98128,USA,Margaret Peacock,10740,12/14/1995 00:00,01/11/1996 00:00,12/26/1995 00:00,United Package,56,Gnocchi di nonna Alice,38,14,0.2,425.6,81.88
White Clover Markets,1029 - 12th Ave. S.,Seattle,WA,98124,USA,WHITC,White Clover Markets,"305 - 14th Ave. S. Suite 3B",Seattle,WA,98128,USA,Margaret Peacock,10861,03/01/1996 00:00,03/29/1996 00:00,03/19/1996 00:00,United Package,17,Alice Mutton,39,42,0,1638,14.93
White Clover Markets,1029 - 12th Ave. S.,Seattle,WA,98124,USA,WHITC,White Clover Markets,"305 - 14th Ave. S. Suite 3B",Seattle,WA,98128,USA,Margaret Peacock,10861,03/01/1996 00:00,03/29/1996 00:00,03/19/1996 00:00,United Package,18,Carnarvon Tigers,62.5,20,0,1250,14.93
White Clover Markets,1029 - 12th Ave. S.,Seattle,WA,98124,USA,WHITC,White Clover Markets,"305 - 14th Ave. S. Suite 3B",Seattle,WA,98128,USA,Margaret Peacock,10861,03/01/1996 00:00,03/29/1996 00:00,03/19/1996 00:00,United Package,21,Sir Rodney's Scones,10,40,0,400,14.93
White Clover Markets,1029 - 12th Ave. S.,Seattle,WA,98124,USA,WHITC,White Clover Markets,"305 - 14th Ave. S. Suite 3B",Seattle,WA,98128,USA,Margaret Peacock,10861,03/01/1996 00:00,03/29/1996 00:00,03/19/1996 00:00,United Package,33,Geitost,2.5,35,0,87.5,14.93
White Clover Markets,1029 - 12th Ave. S.,Seattle,WA,98124,USA,WHITC,White Clover Markets,"305 - 14th Ave. S. Suite 3B",Seattle,WA,98128,USA,Margaret Peacock,10861,03/01/1996 00:00,03/29/1996 00:00,03/19/1996 00:00,United Package,62,Tarte au sucre,49.3,3,0,147.9,14.93
White Clover Markets,1029 - 12th Ave. S.,Seattle,WA,98124,USA,WHITC,White Clover Markets,"305 - 14th Ave. S. Suite 3B",Seattle,WA,98128,USA,Janet Leverling,10904,03/26/1996 00:00,04/23/1996 00:00,03/29/1996 00:00,Federal Shipping,58,Escargots de Bourgogne,13.25,15,0,198.75,162.95
White Clover Markets,1029 - 12th Ave. S.,Seattle,WA,98124,USA,WHITC,White Clover Markets,"305 - 14th Ave. S. Suite 3B",Seattle,WA,98128,USA,Janet Leverling,10904,03/26/1996 00:00,04/23/1996 00:00,03/29/1996 00:00,Federal Shipping,62,Tarte au sucre,49.3,35,0,1725.5,162.95
White Clover Markets,1029 - 12th Ave. S.,Seattle,WA,98124,USA,WHITC,White Clover Markets,"305 - 14th Ave. S. Suite 3B",Seattle,WA,98128,USA,Andrew Fuller,11032,05/17/1996 00:00,06/14/1996 00:00,05/23/1996 00:00,Federal Shipping,36,Inlagd Sill,19,35,0,665,606.19
White Clover Markets,1029 - 12th Ave. S.,Seattle,WA,98124,USA,WHITC,White Clover Markets,"305 - 14th Ave. S. Suite 3B",Seattle,WA,98128,USA,Andrew Fuller,11032,05/17/1996 00:00,06/14/1996 00:00,05/23/1996 00:00,Federal Shipping,38,Côte de Blaye,263.5,25,0,6587.5,606.19
White Clover Markets,1029 - 12th Ave. S.,Seattle,WA,98124,USA,WHITC,White Clover Markets,"305 - 14th Ave. S. Suite 3B",Seattle,WA,98128,USA,Andrew Fuller,11032,05/17/1996 00:00,06/14/1996 00:00,05/23/1996 00:00,Federal Shipping,59,Raclette Courdavault,55,30,0,1650,606.19
White Clover Markets,1029 - 12th Ave. S.,Seattle,WA,98124,USA,WHITC,White Clover Markets,"305 - 14th Ave. S. Suite 3B",Seattle,WA,98128,USA,Robert King,11066,05/31/1996 00:00,06/28/1996 00:00,06/03/1996 00:00,United Package,16,Pavlova,17.45,3,0,52.35,44.72
White Clover Markets,1029 - 12th Ave. S.,Seattle,WA,98124,USA,WHITC,White Clover Markets,"305 - 14th Ave. S. Suite 3B",Seattle,WA,98128,USA,Robert King,11066,05/31/1996 00:00,06/28/1996 00:00,06/03/1996 00:00,United Package,19,Teatime Chocolate Biscuits,9.2,42,0,386.4,44.72
White Clover Markets,1029 - 12th Ave. S.,Seattle,WA,98124,USA,WHITC,White Clover Markets,"305 - 14th Ave. S. Suite 3B",Seattle,WA,98128,USA,Robert King,11066,05/31/1996 00:00,06/28/1996 00:00,06/03/1996 00:00,United Package,34,Sasquatch Ale,14,35,0,490,44.72
